[2025-03-23 20:21:07,874] INFO ai Preparing document generation request - Content sizes: context=0, transcription=7357, template=1785
[2025-03-23 20:21:07,875] INFO ai Making validation request to cloud function
[2025-03-23 20:21:07,883] INFO ai Cloud function validation successful, proceeding with generation
[2025-03-23 20:21:09,016] INFO auth JWTAuth.authenticate called with token: eyJhbGciOi...
[2025-03-23 20:21:09,016] INFO auth JWT_SECRET_KEY length: 86
[2025-03-23 20:21:09,016] INFO auth Headers: {'Content-Length': '110', 'Content-Type': 'application/json', 'Host': 'localhost:8000', 'User-Agent': 'python-requests/2.31.0', 'Accept-Encoding': 'gzip, deflate', 'Accept': '*/*', 'Connection': 'keep-alive', 'Authorization': 'Bearer eyJhbGciOiJIUzI1NiIsInR5cCI6IkpXVCJ9.eyJpZF9kb2N1bWVudG8iOjMsImlkX3VzdWFyaW8iOjEsImlkX3Byb2Nlc28iOiJnZW5fM18xNzQyNzc5MjY3IiwiZXhwIjoxNzQyNzgxMDY3LCJwdXJwb3NlIjoiZG9jdW1lbnRfZ2VuZXJhdGlvbiJ9.r1uQSpoot--dWIATtBIn_pDfXko5fyPILHEX4tPloG0'}
[2025-03-23 20:21:09,016] INFO auth Attempting to decode token with SECRET_KEY: COR...
[2025-03-23 20:21:09,016] INFO auth Token decoded successfully with payload keys: ['id_documento', 'id_usuario', 'id_proceso', 'exp', 'purpose']
[2025-03-23 20:21:09,017] INFO ai ==== GENERATION CHUNK REQUEST DEBUG INFO ====
[2025-03-23 20:21:09,017] INFO ai Auth data: None
[2025-03-23 20:21:09,017] INFO ai Auth type: <class 'NoneType'>
[2025-03-23 20:21:09,017] INFO ai Auth keys: None
[2025-03-23 20:21:09,017] INFO ai Payload id_documento: 3
[2025-03-23 20:21:09,017] INFO ai Payload id_proceso: gen_3_1742779267
[2025-03-23 20:21:09,017] INFO ai ==============================================
[2025-03-23 20:21:09,017] ERROR ai Authentication required but not provided
[2025-03-23 20:21:09,074] INFO auth JWTAuth.authenticate called with token: eyJhbGciOi...
[2025-03-23 20:21:09,074] INFO auth JWT_SECRET_KEY length: 86
[2025-03-23 20:21:09,074] INFO auth Headers: {'Content-Length': '110', 'Content-Type': 'application/json', 'Host': 'localhost:8000', 'User-Agent': 'python-requests/2.31.0', 'Accept-Encoding': 'gzip, deflate', 'Accept': '*/*', 'Connection': 'keep-alive', 'Authorization': 'Bearer eyJhbGciOiJIUzI1NiIsInR5cCI6IkpXVCJ9.eyJpZF9kb2N1bWVudG8iOjMsImlkX3VzdWFyaW8iOjEsImlkX3Byb2Nlc28iOiJnZW5fM18xNzQyNzc5MjY3IiwiZXhwIjoxNzQyNzgxMDY3LCJwdXJwb3NlIjoiZG9jdW1lbnRfZ2VuZXJhdGlvbiJ9.r1uQSpoot--dWIATtBIn_pDfXko5fyPILHEX4tPloG0'}
[2025-03-23 20:21:09,075] INFO auth Attempting to decode token with SECRET_KEY: COR...
[2025-03-23 20:21:09,075] INFO auth Token decoded successfully with payload keys: ['id_documento', 'id_usuario', 'id_proceso', 'exp', 'purpose']
[2025-03-23 20:21:09,076] INFO ai ==== GENERATION CHUNK REQUEST DEBUG INFO ====
[2025-03-23 20:21:09,076] INFO ai Auth data: None
[2025-03-23 20:21:09,076] INFO ai Auth type: <class 'NoneType'>
[2025-03-23 20:21:09,076] INFO ai Auth keys: None
[2025-03-23 20:21:09,077] INFO ai Payload id_documento: 3
[2025-03-23 20:21:09,077] INFO ai Payload id_proceso: gen_3_1742779267
[2025-03-23 20:21:09,077] INFO ai ==============================================
[2025-03-23 20:21:09,077] ERROR ai Authentication required but not provided
[2025-03-23 20:21:09,111] INFO auth JWTAuth.authenticate called with token: eyJhbGciOi...
[2025-03-23 20:21:09,111] INFO auth JWT_SECRET_KEY length: 86
[2025-03-23 20:21:09,111] INFO auth Headers: {'Content-Length': '202', 'Content-Type': 'application/json', 'Host': 'localhost:8000', 'User-Agent': 'python-requests/2.31.0', 'Accept-Encoding': 'gzip, deflate', 'Accept': '*/*', 'Connection': 'keep-alive', 'Authorization': 'Bearer eyJhbGciOiJIUzI1NiIsInR5cCI6IkpXVCJ9.eyJpZF9kb2N1bWVudG8iOjMsImlkX3VzdWFyaW8iOjEsImlkX3Byb2Nlc28iOiJnZW5fM18xNzQyNzc5MjY3IiwiZXhwIjoxNzQyNzgxMDY3LCJwdXJwb3NlIjoiZG9jdW1lbnRfZ2VuZXJhdGlvbiJ9.r1uQSpoot--dWIATtBIn_pDfXko5fyPILHEX4tPloG0'}
[2025-03-23 20:21:09,111] INFO auth Attempting to decode token with SECRET_KEY: COR...
[2025-03-23 20:21:09,112] INFO auth Token decoded successfully with payload keys: ['id_documento', 'id_usuario', 'id_proceso', 'exp', 'purpose']
[2025-03-23 20:21:09,112] INFO ai ==== GENERATION CHUNK REQUEST DEBUG INFO ====
[2025-03-23 20:21:09,112] INFO ai Auth data: None
[2025-03-23 20:21:09,112] INFO ai Auth type: <class 'NoneType'>
[2025-03-23 20:21:09,112] INFO ai Auth keys: None
[2025-03-23 20:21:09,112] INFO ai Payload id_documento: 3
[2025-03-23 20:21:09,112] INFO ai Payload id_proceso: gen_3_1742779267
[2025-03-23 20:21:09,112] INFO ai ==============================================
[2025-03-23 20:21:09,112] ERROR ai Authentication required but not provided
[2025-03-23 20:21:09,148] INFO auth JWTAuth.authenticate called with token: eyJhbGciOi...
[2025-03-23 20:21:09,149] INFO auth JWT_SECRET_KEY length: 86
[2025-03-23 20:21:09,149] INFO auth Headers: {'Content-Length': '202', 'Content-Type': 'application/json', 'Host': 'localhost:8000', 'User-Agent': 'python-requests/2.31.0', 'Accept-Encoding': 'gzip, deflate', 'Accept': '*/*', 'Connection': 'keep-alive', 'Authorization': 'Bearer eyJhbGciOiJIUzI1NiIsInR5cCI6IkpXVCJ9.eyJpZF9kb2N1bWVudG8iOjMsImlkX3VzdWFyaW8iOjEsImlkX3Byb2Nlc28iOiJnZW5fM18xNzQyNzc5MjY3IiwiZXhwIjoxNzQyNzgxMDY3LCJwdXJwb3NlIjoiZG9jdW1lbnRfZ2VuZXJhdGlvbiJ9.r1uQSpoot--dWIATtBIn_pDfXko5fyPILHEX4tPloG0'}
[2025-03-23 20:21:09,149] INFO auth Attempting to decode token with SECRET_KEY: COR...
[2025-03-23 20:21:09,149] INFO auth Token decoded successfully with payload keys: ['id_documento', 'id_usuario', 'id_proceso', 'exp', 'purpose']
[2025-03-23 20:21:09,150] INFO ai ==== GENERATION CHUNK REQUEST DEBUG INFO ====
[2025-03-23 20:21:09,150] INFO ai Auth data: None
[2025-03-23 20:21:09,150] INFO ai Auth type: <class 'NoneType'>
[2025-03-23 20:21:09,150] INFO ai Auth keys: None
[2025-03-23 20:21:09,150] INFO ai Payload id_documento: 3
[2025-03-23 20:21:09,150] INFO ai Payload id_proceso: gen_3_1742779267
[2025-03-23 20:21:09,150] INFO ai ==============================================
[2025-03-23 20:21:09,150] ERROR ai Authentication required but not provided
[2025-03-23 20:21:09,184] INFO auth JWTAuth.authenticate called with token: eyJhbGciOi...
[2025-03-23 20:21:09,184] INFO auth JWT_SECRET_KEY length: 86
[2025-03-23 20:21:09,184] INFO auth Headers: {'Content-Length': '193', 'Content-Type': 'application/json', 'Host': 'localhost:8000', 'User-Agent': 'python-requests/2.31.0', 'Accept-Encoding': 'gzip, deflate', 'Accept': '*/*', 'Connection': 'keep-alive', 'Authorization': 'Bearer eyJhbGciOiJIUzI1NiIsInR5cCI6IkpXVCJ9.eyJpZF9kb2N1bWVudG8iOjMsImlkX3VzdWFyaW8iOjEsImlkX3Byb2Nlc28iOiJnZW5fM18xNzQyNzc5MjY3IiwiZXhwIjoxNzQyNzgxMDY3LCJwdXJwb3NlIjoiZG9jdW1lbnRfZ2VuZXJhdGlvbiJ9.r1uQSpoot--dWIATtBIn_pDfXko5fyPILHEX4tPloG0'}
[2025-03-23 20:21:09,184] INFO auth Attempting to decode token with SECRET_KEY: COR...
[2025-03-23 20:21:09,185] INFO auth Token decoded successfully with payload keys: ['id_documento', 'id_usuario', 'id_proceso', 'exp', 'purpose']
[2025-03-23 20:21:09,185] INFO ai ==== GENERATION CHUNK REQUEST DEBUG INFO ====
[2025-03-23 20:21:09,185] INFO ai Auth data: None
[2025-03-23 20:21:09,185] INFO ai Auth type: <class 'NoneType'>
[2025-03-23 20:21:09,185] INFO ai Auth keys: None
[2025-03-23 20:21:09,186] INFO ai Payload id_documento: 3
[2025-03-23 20:21:09,186] INFO ai Payload id_proceso: gen_3_1742779267
[2025-03-23 20:21:09,186] INFO ai ==============================================
[2025-03-23 20:21:09,186] ERROR ai Authentication required but not provided
[2025-03-23 20:21:09,224] INFO auth JWTAuth.authenticate called with token: eyJhbGciOi...
[2025-03-23 20:21:09,224] INFO auth JWT_SECRET_KEY length: 86
[2025-03-23 20:21:09,225] INFO auth Headers: {'Content-Length': '193', 'Content-Type': 'application/json', 'Host': 'localhost:8000', 'User-Agent': 'python-requests/2.31.0', 'Accept-Encoding': 'gzip, deflate', 'Accept': '*/*', 'Connection': 'keep-alive', 'Authorization': 'Bearer eyJhbGciOiJIUzI1NiIsInR5cCI6IkpXVCJ9.eyJpZF9kb2N1bWVudG8iOjMsImlkX3VzdWFyaW8iOjEsImlkX3Byb2Nlc28iOiJnZW5fM18xNzQyNzc5MjY3IiwiZXhwIjoxNzQyNzgxMDY3LCJwdXJwb3NlIjoiZG9jdW1lbnRfZ2VuZXJhdGlvbiJ9.r1uQSpoot--dWIATtBIn_pDfXko5fyPILHEX4tPloG0'}
[2025-03-23 20:21:09,225] INFO auth Attempting to decode token with SECRET_KEY: COR...
[2025-03-23 20:21:09,225] INFO auth Token decoded successfully with payload keys: ['id_documento', 'id_usuario', 'id_proceso', 'exp', 'purpose']
[2025-03-23 20:21:09,226] INFO ai ==== GENERATION CHUNK REQUEST DEBUG INFO ====
[2025-03-23 20:21:09,226] INFO ai Auth data: None
[2025-03-23 20:21:09,226] INFO ai Auth type: <class 'NoneType'>
[2025-03-23 20:21:09,226] INFO ai Auth keys: None
[2025-03-23 20:21:09,226] INFO ai Payload id_documento: 3
[2025-03-23 20:21:09,226] INFO ai Payload id_proceso: gen_3_1742779267
[2025-03-23 20:21:09,226] INFO ai ==============================================
[2025-03-23 20:21:09,226] ERROR ai Authentication required but not provided
[2025-03-23 20:21:09,272] INFO auth JWTAuth.authenticate called with token: eyJhbGciOi...
[2025-03-23 20:21:09,272] INFO auth JWT_SECRET_KEY length: 86
[2025-03-23 20:21:09,272] INFO auth Headers: {'Content-Length': '283', 'Content-Type': 'application/json', 'Host': 'localhost:8000', 'User-Agent': 'python-requests/2.31.0', 'Accept-Encoding': 'gzip, deflate', 'Accept': '*/*', 'Connection': 'keep-alive', 'Authorization': 'Bearer eyJhbGciOiJIUzI1NiIsInR5cCI6IkpXVCJ9.eyJpZF9kb2N1bWVudG8iOjMsImlkX3VzdWFyaW8iOjEsImlkX3Byb2Nlc28iOiJnZW5fM18xNzQyNzc5MjY3IiwiZXhwIjoxNzQyNzgxMDY3LCJwdXJwb3NlIjoiZG9jdW1lbnRfZ2VuZXJhdGlvbiJ9.r1uQSpoot--dWIATtBIn_pDfXko5fyPILHEX4tPloG0'}
[2025-03-23 20:21:09,272] INFO auth Attempting to decode token with SECRET_KEY: COR...
[2025-03-23 20:21:09,272] INFO auth Token decoded successfully with payload keys: ['id_documento', 'id_usuario', 'id_proceso', 'exp', 'purpose']
[2025-03-23 20:21:09,273] INFO ai ==== GENERATION CHUNK REQUEST DEBUG INFO ====
[2025-03-23 20:21:09,273] INFO ai Auth data: None
[2025-03-23 20:21:09,273] INFO ai Auth type: <class 'NoneType'>
[2025-03-23 20:21:09,273] INFO ai Auth keys: None
[2025-03-23 20:21:09,273] INFO ai Payload id_documento: 3
[2025-03-23 20:21:09,273] INFO ai Payload id_proceso: gen_3_1742779267
[2025-03-23 20:21:09,273] INFO ai ==============================================
[2025-03-23 20:21:09,273] ERROR ai Authentication required but not provided
[2025-03-23 20:21:09,298] INFO auth JWTAuth.authenticate called with token: eyJhbGciOi...
[2025-03-23 20:21:09,298] INFO auth JWT_SECRET_KEY length: 86
[2025-03-23 20:21:09,298] INFO auth Headers: {'Content-Length': '283', 'Content-Type': 'application/json', 'Host': 'localhost:8000', 'User-Agent': 'python-requests/2.31.0', 'Accept-Encoding': 'gzip, deflate', 'Accept': '*/*', 'Connection': 'keep-alive', 'Authorization': 'Bearer eyJhbGciOiJIUzI1NiIsInR5cCI6IkpXVCJ9.eyJpZF9kb2N1bWVudG8iOjMsImlkX3VzdWFyaW8iOjEsImlkX3Byb2Nlc28iOiJnZW5fM18xNzQyNzc5MjY3IiwiZXhwIjoxNzQyNzgxMDY3LCJwdXJwb3NlIjoiZG9jdW1lbnRfZ2VuZXJhdGlvbiJ9.r1uQSpoot--dWIATtBIn_pDfXko5fyPILHEX4tPloG0'}
[2025-03-23 20:21:09,298] INFO auth Attempting to decode token with SECRET_KEY: COR...
[2025-03-23 20:21:09,298] INFO auth Token decoded successfully with payload keys: ['id_documento', 'id_usuario', 'id_proceso', 'exp', 'purpose']
[2025-03-23 20:21:09,299] INFO ai ==== GENERATION CHUNK REQUEST DEBUG INFO ====
[2025-03-23 20:21:09,300] INFO ai Auth data: None
[2025-03-23 20:21:09,300] INFO ai Auth type: <class 'NoneType'>
[2025-03-23 20:21:09,300] INFO ai Auth keys: None
[2025-03-23 20:21:09,300] INFO ai Payload id_documento: 3
[2025-03-23 20:21:09,300] INFO ai Payload id_proceso: gen_3_1742779267
[2025-03-23 20:21:09,300] INFO ai ==============================================
[2025-03-23 20:21:09,300] ERROR ai Authentication required but not provided
[2025-03-23 20:21:09,434] INFO auth JWTAuth.authenticate called with token: eyJhbGciOi...
[2025-03-23 20:21:09,435] INFO auth JWT_SECRET_KEY length: 86
[2025-03-23 20:21:09,435] INFO auth Headers: {'Content-Length': '274', 'Content-Type': 'application/json', 'Host': 'localhost:8000', 'User-Agent': 'python-requests/2.31.0', 'Accept-Encoding': 'gzip, deflate', 'Accept': '*/*', 'Connection': 'keep-alive', 'Authorization': 'Bearer eyJhbGciOiJIUzI1NiIsInR5cCI6IkpXVCJ9.eyJpZF9kb2N1bWVudG8iOjMsImlkX3VzdWFyaW8iOjEsImlkX3Byb2Nlc28iOiJnZW5fM18xNzQyNzc5MjY3IiwiZXhwIjoxNzQyNzgxMDY3LCJwdXJwb3NlIjoiZG9jdW1lbnRfZ2VuZXJhdGlvbiJ9.r1uQSpoot--dWIATtBIn_pDfXko5fyPILHEX4tPloG0'}
[2025-03-23 20:21:09,435] INFO auth Attempting to decode token with SECRET_KEY: COR...
[2025-03-23 20:21:09,435] INFO auth Token decoded successfully with payload keys: ['id_documento', 'id_usuario', 'id_proceso', 'exp', 'purpose']
[2025-03-23 20:21:09,435] INFO ai ==== GENERATION CHUNK REQUEST DEBUG INFO ====
[2025-03-23 20:21:09,435] INFO ai Auth data: None
[2025-03-23 20:21:09,436] INFO ai Auth type: <class 'NoneType'>
[2025-03-23 20:21:09,436] INFO ai Auth keys: None
[2025-03-23 20:21:09,436] INFO ai Payload id_documento: 3
[2025-03-23 20:21:09,436] INFO ai Payload id_proceso: gen_3_1742779267
[2025-03-23 20:21:09,436] INFO ai ==============================================
[2025-03-23 20:21:09,436] ERROR ai Authentication required but not provided
[2025-03-23 20:21:09,474] INFO auth JWTAuth.authenticate called with token: eyJhbGciOi...
[2025-03-23 20:21:09,475] INFO auth JWT_SECRET_KEY length: 86
[2025-03-23 20:21:09,475] INFO auth Headers: {'Content-Length': '274', 'Content-Type': 'application/json', 'Host': 'localhost:8000', 'User-Agent': 'python-requests/2.31.0', 'Accept-Encoding': 'gzip, deflate', 'Accept': '*/*', 'Connection': 'keep-alive', 'Authorization': 'Bearer eyJhbGciOiJIUzI1NiIsInR5cCI6IkpXVCJ9.eyJpZF9kb2N1bWVudG8iOjMsImlkX3VzdWFyaW8iOjEsImlkX3Byb2Nlc28iOiJnZW5fM18xNzQyNzc5MjY3IiwiZXhwIjoxNzQyNzgxMDY3LCJwdXJwb3NlIjoiZG9jdW1lbnRfZ2VuZXJhdGlvbiJ9.r1uQSpoot--dWIATtBIn_pDfXko5fyPILHEX4tPloG0'}
[2025-03-23 20:21:09,475] INFO auth Attempting to decode token with SECRET_KEY: COR...
[2025-03-23 20:21:09,476] INFO auth Token decoded successfully with payload keys: ['id_documento', 'id_usuario', 'id_proceso', 'exp', 'purpose']
[2025-03-23 20:21:09,476] INFO ai ==== GENERATION CHUNK REQUEST DEBUG INFO ====
[2025-03-23 20:21:09,476] INFO ai Auth data: None
[2025-03-23 20:21:09,476] INFO ai Auth type: <class 'NoneType'>
[2025-03-23 20:21:09,476] INFO ai Auth keys: None
[2025-03-23 20:21:09,476] INFO ai Payload id_documento: 3
[2025-03-23 20:21:09,476] INFO ai Payload id_proceso: gen_3_1742779267
[2025-03-23 20:21:09,476] INFO ai ==============================================
[2025-03-23 20:21:09,476] ERROR ai Authentication required but not provided
[2025-03-23 20:21:09,690] INFO auth JWTAuth.authenticate called with token: eyJhbGciOi...
[2025-03-23 20:21:09,691] INFO auth JWT_SECRET_KEY length: 86
[2025-03-23 20:21:09,691] INFO auth Headers: {'Content-Length': '312', 'Content-Type': 'application/json', 'Host': 'localhost:8000', 'User-Agent': 'python-requests/2.31.0', 'Accept-Encoding': 'gzip, deflate', 'Accept': '*/*', 'Connection': 'keep-alive', 'Authorization': 'Bearer eyJhbGciOiJIUzI1NiIsInR5cCI6IkpXVCJ9.eyJpZF9kb2N1bWVudG8iOjMsImlkX3VzdWFyaW8iOjEsImlkX3Byb2Nlc28iOiJnZW5fM18xNzQyNzc5MjY3IiwiZXhwIjoxNzQyNzgxMDY3LCJwdXJwb3NlIjoiZG9jdW1lbnRfZ2VuZXJhdGlvbiJ9.r1uQSpoot--dWIATtBIn_pDfXko5fyPILHEX4tPloG0'}
[2025-03-23 20:21:09,691] INFO auth Attempting to decode token with SECRET_KEY: COR...
[2025-03-23 20:21:09,692] INFO auth Token decoded successfully with payload keys: ['id_documento', 'id_usuario', 'id_proceso', 'exp', 'purpose']
[2025-03-23 20:21:09,693] INFO ai ==== GENERATION CHUNK REQUEST DEBUG INFO ====
[2025-03-23 20:21:09,693] INFO ai Auth data: None
[2025-03-23 20:21:09,693] INFO ai Auth type: <class 'NoneType'>
[2025-03-23 20:21:09,693] INFO ai Auth keys: None
[2025-03-23 20:21:09,693] INFO ai Payload id_documento: 3
[2025-03-23 20:21:09,693] INFO ai Payload id_proceso: gen_3_1742779267
[2025-03-23 20:21:09,693] INFO ai ==============================================
[2025-03-23 20:21:09,693] ERROR ai Authentication required but not provided
[2025-03-23 20:21:09,739] INFO auth JWTAuth.authenticate called with token: eyJhbGciOi...
[2025-03-23 20:21:09,740] INFO auth JWT_SECRET_KEY length: 86
[2025-03-23 20:21:09,740] INFO auth Headers: {'Content-Length': '312', 'Content-Type': 'application/json', 'Host': 'localhost:8000', 'User-Agent': 'python-requests/2.31.0', 'Accept-Encoding': 'gzip, deflate', 'Accept': '*/*', 'Connection': 'keep-alive', 'Authorization': 'Bearer eyJhbGciOiJIUzI1NiIsInR5cCI6IkpXVCJ9.eyJpZF9kb2N1bWVudG8iOjMsImlkX3VzdWFyaW8iOjEsImlkX3Byb2Nlc28iOiJnZW5fM18xNzQyNzc5MjY3IiwiZXhwIjoxNzQyNzgxMDY3LCJwdXJwb3NlIjoiZG9jdW1lbnRfZ2VuZXJhdGlvbiJ9.r1uQSpoot--dWIATtBIn_pDfXko5fyPILHEX4tPloG0'}
[2025-03-23 20:21:09,740] INFO auth Attempting to decode token with SECRET_KEY: COR...
[2025-03-23 20:21:09,740] INFO auth Token decoded successfully with payload keys: ['id_documento', 'id_usuario', 'id_proceso', 'exp', 'purpose']
[2025-03-23 20:21:09,741] INFO ai ==== GENERATION CHUNK REQUEST DEBUG INFO ====
[2025-03-23 20:21:09,741] INFO ai Auth data: None
[2025-03-23 20:21:09,741] INFO ai Auth type: <class 'NoneType'>
[2025-03-23 20:21:09,741] INFO ai Auth keys: None
[2025-03-23 20:21:09,741] INFO ai Payload id_documento: 3
[2025-03-23 20:21:09,741] INFO ai Payload id_proceso: gen_3_1742779267
[2025-03-23 20:21:09,741] INFO ai ==============================================
[2025-03-23 20:21:09,741] ERROR ai Authentication required but not provided
[2025-03-23 20:21:09,930] INFO auth JWTAuth.authenticate called with token: eyJhbGciOi...
[2025-03-23 20:21:09,930] INFO auth JWT_SECRET_KEY length: 86
[2025-03-23 20:21:09,930] INFO auth Headers: {'Content-Length': '367', 'Content-Type': 'application/json', 'Host': 'localhost:8000', 'User-Agent': 'python-requests/2.31.0', 'Accept-Encoding': 'gzip, deflate', 'Accept': '*/*', 'Connection': 'keep-alive', 'Authorization': 'Bearer eyJhbGciOiJIUzI1NiIsInR5cCI6IkpXVCJ9.eyJpZF9kb2N1bWVudG8iOjMsImlkX3VzdWFyaW8iOjEsImlkX3Byb2Nlc28iOiJnZW5fM18xNzQyNzc5MjY3IiwiZXhwIjoxNzQyNzgxMDY3LCJwdXJwb3NlIjoiZG9jdW1lbnRfZ2VuZXJhdGlvbiJ9.r1uQSpoot--dWIATtBIn_pDfXko5fyPILHEX4tPloG0'}
[2025-03-23 20:21:09,930] INFO auth Attempting to decode token with SECRET_KEY: COR...
[2025-03-23 20:21:09,930] INFO auth Token decoded successfully with payload keys: ['id_documento', 'id_usuario', 'id_proceso', 'exp', 'purpose']
[2025-03-23 20:21:09,930] INFO ai ==== GENERATION CHUNK REQUEST DEBUG INFO ====
[2025-03-23 20:21:09,930] INFO ai Auth data: None
[2025-03-23 20:21:09,930] INFO ai Auth type: <class 'NoneType'>
[2025-03-23 20:21:09,930] INFO ai Auth keys: None
[2025-03-23 20:21:09,930] INFO ai Payload id_documento: 3
[2025-03-23 20:21:09,930] INFO ai Payload id_proceso: gen_3_1742779267
[2025-03-23 20:21:09,930] INFO ai ==============================================
[2025-03-23 20:21:09,931] ERROR ai Authentication required but not provided
[2025-03-23 20:21:09,966] INFO auth JWTAuth.authenticate called with token: eyJhbGciOi...
[2025-03-23 20:21:09,966] INFO auth JWT_SECRET_KEY length: 86
[2025-03-23 20:21:09,966] INFO auth Headers: {'Content-Length': '367', 'Content-Type': 'application/json', 'Host': 'localhost:8000', 'User-Agent': 'python-requests/2.31.0', 'Accept-Encoding': 'gzip, deflate', 'Accept': '*/*', 'Connection': 'keep-alive', 'Authorization': 'Bearer eyJhbGciOiJIUzI1NiIsInR5cCI6IkpXVCJ9.eyJpZF9kb2N1bWVudG8iOjMsImlkX3VzdWFyaW8iOjEsImlkX3Byb2Nlc28iOiJnZW5fM18xNzQyNzc5MjY3IiwiZXhwIjoxNzQyNzgxMDY3LCJwdXJwb3NlIjoiZG9jdW1lbnRfZ2VuZXJhdGlvbiJ9.r1uQSpoot--dWIATtBIn_pDfXko5fyPILHEX4tPloG0'}
[2025-03-23 20:21:09,966] INFO auth Attempting to decode token with SECRET_KEY: COR...
[2025-03-23 20:21:09,966] INFO auth Token decoded successfully with payload keys: ['id_documento', 'id_usuario', 'id_proceso', 'exp', 'purpose']
[2025-03-23 20:21:09,967] INFO ai ==== GENERATION CHUNK REQUEST DEBUG INFO ====
[2025-03-23 20:21:09,967] INFO ai Auth data: None
[2025-03-23 20:21:09,967] INFO ai Auth type: <class 'NoneType'>
[2025-03-23 20:21:09,967] INFO ai Auth keys: None
[2025-03-23 20:21:09,967] INFO ai Payload id_documento: 3
[2025-03-23 20:21:09,967] INFO ai Payload id_proceso: gen_3_1742779267
[2025-03-23 20:21:09,967] INFO ai ==============================================
[2025-03-23 20:21:09,967] ERROR ai Authentication required but not provided
[2025-03-23 20:21:10,239] INFO auth JWTAuth.authenticate called with token: eyJhbGciOi...
[2025-03-23 20:21:10,239] INFO auth JWT_SECRET_KEY length: 86
[2025-03-23 20:21:10,240] INFO auth Headers: {'Content-Length': '431', 'Content-Type': 'application/json', 'Host': 'localhost:8000', 'User-Agent': 'python-requests/2.31.0', 'Accept-Encoding': 'gzip, deflate', 'Accept': '*/*', 'Connection': 'keep-alive', 'Authorization': 'Bearer eyJhbGciOiJIUzI1NiIsInR5cCI6IkpXVCJ9.eyJpZF9kb2N1bWVudG8iOjMsImlkX3VzdWFyaW8iOjEsImlkX3Byb2Nlc28iOiJnZW5fM18xNzQyNzc5MjY3IiwiZXhwIjoxNzQyNzgxMDY3LCJwdXJwb3NlIjoiZG9jdW1lbnRfZ2VuZXJhdGlvbiJ9.r1uQSpoot--dWIATtBIn_pDfXko5fyPILHEX4tPloG0'}
[2025-03-23 20:21:10,240] INFO auth Attempting to decode token with SECRET_KEY: COR...
[2025-03-23 20:21:10,240] INFO auth Token decoded successfully with payload keys: ['id_documento', 'id_usuario', 'id_proceso', 'exp', 'purpose']
[2025-03-23 20:21:10,240] INFO ai ==== GENERATION CHUNK REQUEST DEBUG INFO ====
[2025-03-23 20:21:10,240] INFO ai Auth data: None
[2025-03-23 20:21:10,240] INFO ai Auth type: <class 'NoneType'>
[2025-03-23 20:21:10,240] INFO ai Auth keys: None
[2025-03-23 20:21:10,240] INFO ai Payload id_documento: 3
[2025-03-23 20:21:10,240] INFO ai Payload id_proceso: gen_3_1742779267
[2025-03-23 20:21:10,241] INFO ai ==============================================
[2025-03-23 20:21:10,241] ERROR ai Authentication required but not provided
[2025-03-23 20:21:10,274] INFO auth JWTAuth.authenticate called with token: eyJhbGciOi...
[2025-03-23 20:21:10,274] INFO auth JWT_SECRET_KEY length: 86
[2025-03-23 20:21:10,274] INFO auth Headers: {'Content-Length': '431', 'Content-Type': 'application/json', 'Host': 'localhost:8000', 'User-Agent': 'python-requests/2.31.0', 'Accept-Encoding': 'gzip, deflate', 'Accept': '*/*', 'Connection': 'keep-alive', 'Authorization': 'Bearer eyJhbGciOiJIUzI1NiIsInR5cCI6IkpXVCJ9.eyJpZF9kb2N1bWVudG8iOjMsImlkX3VzdWFyaW8iOjEsImlkX3Byb2Nlc28iOiJnZW5fM18xNzQyNzc5MjY3IiwiZXhwIjoxNzQyNzgxMDY3LCJwdXJwb3NlIjoiZG9jdW1lbnRfZ2VuZXJhdGlvbiJ9.r1uQSpoot--dWIATtBIn_pDfXko5fyPILHEX4tPloG0'}
[2025-03-23 20:21:10,274] INFO auth Attempting to decode token with SECRET_KEY: COR...
[2025-03-23 20:21:10,275] INFO auth Token decoded successfully with payload keys: ['id_documento', 'id_usuario', 'id_proceso', 'exp', 'purpose']
[2025-03-23 20:21:10,275] INFO ai ==== GENERATION CHUNK REQUEST DEBUG INFO ====
[2025-03-23 20:21:10,275] INFO ai Auth data: None
[2025-03-23 20:21:10,275] INFO ai Auth type: <class 'NoneType'>
[2025-03-23 20:21:10,275] INFO ai Auth keys: None
[2025-03-23 20:21:10,275] INFO ai Payload id_documento: 3
[2025-03-23 20:21:10,275] INFO ai Payload id_proceso: gen_3_1742779267
[2025-03-23 20:21:10,275] INFO ai ==============================================
[2025-03-23 20:21:10,275] ERROR ai Authentication required but not provided
[2025-03-23 20:21:10,601] INFO auth JWTAuth.authenticate called with token: eyJhbGciOi...
[2025-03-23 20:21:10,601] INFO auth JWT_SECRET_KEY length: 86
[2025-03-23 20:21:10,601] INFO auth Headers: {'Content-Length': '416', 'Content-Type': 'application/json', 'Host': 'localhost:8000', 'User-Agent': 'python-requests/2.31.0', 'Accept-Encoding': 'gzip, deflate', 'Accept': '*/*', 'Connection': 'keep-alive', 'Authorization': 'Bearer eyJhbGciOiJIUzI1NiIsInR5cCI6IkpXVCJ9.eyJpZF9kb2N1bWVudG8iOjMsImlkX3VzdWFyaW8iOjEsImlkX3Byb2Nlc28iOiJnZW5fM18xNzQyNzc5MjY3IiwiZXhwIjoxNzQyNzgxMDY3LCJwdXJwb3NlIjoiZG9jdW1lbnRfZ2VuZXJhdGlvbiJ9.r1uQSpoot--dWIATtBIn_pDfXko5fyPILHEX4tPloG0'}
[2025-03-23 20:21:10,601] INFO auth Attempting to decode token with SECRET_KEY: COR...
[2025-03-23 20:21:10,602] INFO auth Token decoded successfully with payload keys: ['id_documento', 'id_usuario', 'id_proceso', 'exp', 'purpose']
[2025-03-23 20:21:10,602] INFO ai ==== GENERATION CHUNK REQUEST DEBUG INFO ====
[2025-03-23 20:21:10,602] INFO ai Auth data: None
[2025-03-23 20:21:10,602] INFO ai Auth type: <class 'NoneType'>
[2025-03-23 20:21:10,602] INFO ai Auth keys: None
[2025-03-23 20:21:10,602] INFO ai Payload id_documento: 3
[2025-03-23 20:21:10,602] INFO ai Payload id_proceso: gen_3_1742779267
[2025-03-23 20:21:10,602] INFO ai ==============================================
[2025-03-23 20:21:10,602] ERROR ai Authentication required but not provided
[2025-03-23 20:21:10,641] INFO auth JWTAuth.authenticate called with token: eyJhbGciOi...
[2025-03-23 20:21:10,641] INFO auth JWT_SECRET_KEY length: 86
[2025-03-23 20:21:10,641] INFO auth Headers: {'Content-Length': '416', 'Content-Type': 'application/json', 'Host': 'localhost:8000', 'User-Agent': 'python-requests/2.31.0', 'Accept-Encoding': 'gzip, deflate', 'Accept': '*/*', 'Connection': 'keep-alive', 'Authorization': 'Bearer eyJhbGciOiJIUzI1NiIsInR5cCI6IkpXVCJ9.eyJpZF9kb2N1bWVudG8iOjMsImlkX3VzdWFyaW8iOjEsImlkX3Byb2Nlc28iOiJnZW5fM18xNzQyNzc5MjY3IiwiZXhwIjoxNzQyNzgxMDY3LCJwdXJwb3NlIjoiZG9jdW1lbnRfZ2VuZXJhdGlvbiJ9.r1uQSpoot--dWIATtBIn_pDfXko5fyPILHEX4tPloG0'}
[2025-03-23 20:21:10,641] INFO auth Attempting to decode token with SECRET_KEY: COR...
[2025-03-23 20:21:10,641] INFO auth Token decoded successfully with payload keys: ['id_documento', 'id_usuario', 'id_proceso', 'exp', 'purpose']
[2025-03-23 20:21:10,642] INFO ai ==== GENERATION CHUNK REQUEST DEBUG INFO ====
[2025-03-23 20:21:10,642] INFO ai Auth data: None
[2025-03-23 20:21:10,642] INFO ai Auth type: <class 'NoneType'>
[2025-03-23 20:21:10,642] INFO ai Auth keys: None
[2025-03-23 20:21:10,642] INFO ai Payload id_documento: 3
[2025-03-23 20:21:10,642] INFO ai Payload id_proceso: gen_3_1742779267
[2025-03-23 20:21:10,642] INFO ai ==============================================
[2025-03-23 20:21:10,642] ERROR ai Authentication required but not provided
[2025-03-23 20:21:10,923] INFO auth JWTAuth.authenticate called with token: eyJhbGciOi...
[2025-03-23 20:21:10,924] INFO auth JWT_SECRET_KEY length: 86
[2025-03-23 20:21:10,924] INFO auth Headers: {'Content-Length': '401', 'Content-Type': 'application/json', 'Host': 'localhost:8000', 'User-Agent': 'python-requests/2.31.0', 'Accept-Encoding': 'gzip, deflate', 'Accept': '*/*', 'Connection': 'keep-alive', 'Authorization': 'Bearer eyJhbGciOiJIUzI1NiIsInR5cCI6IkpXVCJ9.eyJpZF9kb2N1bWVudG8iOjMsImlkX3VzdWFyaW8iOjEsImlkX3Byb2Nlc28iOiJnZW5fM18xNzQyNzc5MjY3IiwiZXhwIjoxNzQyNzgxMDY3LCJwdXJwb3NlIjoiZG9jdW1lbnRfZ2VuZXJhdGlvbiJ9.r1uQSpoot--dWIATtBIn_pDfXko5fyPILHEX4tPloG0'}
[2025-03-23 20:21:10,924] INFO auth Attempting to decode token with SECRET_KEY: COR...
[2025-03-23 20:21:10,925] INFO auth Token decoded successfully with payload keys: ['id_documento', 'id_usuario', 'id_proceso', 'exp', 'purpose']
[2025-03-23 20:21:10,926] INFO ai ==== GENERATION CHUNK REQUEST DEBUG INFO ====
[2025-03-23 20:21:10,926] INFO ai Auth data: None
[2025-03-23 20:21:10,926] INFO ai Auth type: <class 'NoneType'>
[2025-03-23 20:21:10,927] INFO ai Auth keys: None
[2025-03-23 20:21:10,927] INFO ai Payload id_documento: 3
[2025-03-23 20:21:10,927] INFO ai Payload id_proceso: gen_3_1742779267
[2025-03-23 20:21:10,927] INFO ai ==============================================
[2025-03-23 20:21:10,927] ERROR ai Authentication required but not provided
[2025-03-23 20:21:10,968] INFO auth JWTAuth.authenticate called with token: eyJhbGciOi...
[2025-03-23 20:21:10,968] INFO auth JWT_SECRET_KEY length: 86
[2025-03-23 20:21:10,969] INFO auth Headers: {'Content-Length': '401', 'Content-Type': 'application/json', 'Host': 'localhost:8000', 'User-Agent': 'python-requests/2.31.0', 'Accept-Encoding': 'gzip, deflate', 'Accept': '*/*', 'Connection': 'keep-alive', 'Authorization': 'Bearer eyJhbGciOiJIUzI1NiIsInR5cCI6IkpXVCJ9.eyJpZF9kb2N1bWVudG8iOjMsImlkX3VzdWFyaW8iOjEsImlkX3Byb2Nlc28iOiJnZW5fM18xNzQyNzc5MjY3IiwiZXhwIjoxNzQyNzgxMDY3LCJwdXJwb3NlIjoiZG9jdW1lbnRfZ2VuZXJhdGlvbiJ9.r1uQSpoot--dWIATtBIn_pDfXko5fyPILHEX4tPloG0'}
[2025-03-23 20:21:10,969] INFO auth Attempting to decode token with SECRET_KEY: COR...
[2025-03-23 20:21:10,969] INFO auth Token decoded successfully with payload keys: ['id_documento', 'id_usuario', 'id_proceso', 'exp', 'purpose']
[2025-03-23 20:21:10,969] INFO ai ==== GENERATION CHUNK REQUEST DEBUG INFO ====
[2025-03-23 20:21:10,969] INFO ai Auth data: None
[2025-03-23 20:21:10,969] INFO ai Auth type: <class 'NoneType'>
[2025-03-23 20:21:10,969] INFO ai Auth keys: None
[2025-03-23 20:21:10,969] INFO ai Payload id_documento: 3
[2025-03-23 20:21:10,969] INFO ai Payload id_proceso: gen_3_1742779267
[2025-03-23 20:21:10,969] INFO ai ==============================================
[2025-03-23 20:21:10,970] ERROR ai Authentication required but not provided
[2025-03-23 20:21:11,088] INFO auth JWTAuth.authenticate called with token: eyJhbGciOi...
[2025-03-23 20:21:11,088] INFO auth JWT_SECRET_KEY length: 86
[2025-03-23 20:21:11,088] INFO auth Headers: {'Content-Length': '296', 'Content-Type': 'application/json', 'Host': 'localhost:8000', 'User-Agent': 'python-requests/2.31.0', 'Accept-Encoding': 'gzip, deflate', 'Accept': '*/*', 'Connection': 'keep-alive', 'Authorization': 'Bearer eyJhbGciOiJIUzI1NiIsInR5cCI6IkpXVCJ9.eyJpZF9kb2N1bWVudG8iOjMsImlkX3VzdWFyaW8iOjEsImlkX3Byb2Nlc28iOiJnZW5fM18xNzQyNzc5MjY3IiwiZXhwIjoxNzQyNzgxMDY3LCJwdXJwb3NlIjoiZG9jdW1lbnRfZ2VuZXJhdGlvbiJ9.r1uQSpoot--dWIATtBIn_pDfXko5fyPILHEX4tPloG0'}
[2025-03-23 20:21:11,088] INFO auth Attempting to decode token with SECRET_KEY: COR...
[2025-03-23 20:21:11,089] INFO auth Token decoded successfully with payload keys: ['id_documento', 'id_usuario', 'id_proceso', 'exp', 'purpose']
[2025-03-23 20:21:11,089] INFO ai ==== GENERATION CHUNK REQUEST DEBUG INFO ====
[2025-03-23 20:21:11,089] INFO ai Auth data: None
[2025-03-23 20:21:11,089] INFO ai Auth type: <class 'NoneType'>
[2025-03-23 20:21:11,089] INFO ai Auth keys: None
[2025-03-23 20:21:11,089] INFO ai Payload id_documento: 3
[2025-03-23 20:21:11,089] INFO ai Payload id_proceso: gen_3_1742779267
[2025-03-23 20:21:11,090] INFO ai ==============================================
[2025-03-23 20:21:11,090] ERROR ai Authentication required but not provided
[2025-03-23 20:21:11,118] INFO auth JWTAuth.authenticate called with token: eyJhbGciOi...
[2025-03-23 20:21:11,119] INFO auth JWT_SECRET_KEY length: 86
[2025-03-23 20:21:11,119] INFO auth Headers: {'Content-Length': '296', 'Content-Type': 'application/json', 'Host': 'localhost:8000', 'User-Agent': 'python-requests/2.31.0', 'Accept-Encoding': 'gzip, deflate', 'Accept': '*/*', 'Connection': 'keep-alive', 'Authorization': 'Bearer eyJhbGciOiJIUzI1NiIsInR5cCI6IkpXVCJ9.eyJpZF9kb2N1bWVudG8iOjMsImlkX3VzdWFyaW8iOjEsImlkX3Byb2Nlc28iOiJnZW5fM18xNzQyNzc5MjY3IiwiZXhwIjoxNzQyNzgxMDY3LCJwdXJwb3NlIjoiZG9jdW1lbnRfZ2VuZXJhdGlvbiJ9.r1uQSpoot--dWIATtBIn_pDfXko5fyPILHEX4tPloG0'}
[2025-03-23 20:21:11,119] INFO auth Attempting to decode token with SECRET_KEY: COR...
[2025-03-23 20:21:11,119] INFO auth Token decoded successfully with payload keys: ['id_documento', 'id_usuario', 'id_proceso', 'exp', 'purpose']
[2025-03-23 20:21:11,119] INFO ai ==== GENERATION CHUNK REQUEST DEBUG INFO ====
[2025-03-23 20:21:11,120] INFO ai Auth data: None
[2025-03-23 20:21:11,120] INFO ai Auth type: <class 'NoneType'>
[2025-03-23 20:21:11,120] INFO ai Auth keys: None
[2025-03-23 20:21:11,120] INFO ai Payload id_documento: 3
[2025-03-23 20:21:11,120] INFO ai Payload id_proceso: gen_3_1742779267
[2025-03-23 20:21:11,120] INFO ai ==============================================
[2025-03-23 20:21:11,120] ERROR ai Authentication required but not provided
[2025-03-23 20:21:11,148] INFO auth JWTAuth.authenticate called with token: eyJhbGciOi...
[2025-03-23 20:21:11,148] INFO auth JWT_SECRET_KEY length: 86
[2025-03-23 20:21:11,148] INFO auth Headers: {'Content-Length': '2214', 'Content-Type': 'application/json', 'Host': 'localhost:8000', 'User-Agent': 'python-requests/2.31.0', 'Accept-Encoding': 'gzip, deflate', 'Accept': '*/*', 'Connection': 'keep-alive', 'Authorization': 'Bearer eyJhbGciOiJIUzI1NiIsInR5cCI6IkpXVCJ9.eyJpZF9kb2N1bWVudG8iOjMsImlkX3VzdWFyaW8iOjEsImlkX3Byb2Nlc28iOiJnZW5fM18xNzQyNzc5MjY3IiwiZXhwIjoxNzQyNzgxMDY3LCJwdXJwb3NlIjoiZG9jdW1lbnRfZ2VuZXJhdGlvbiJ9.r1uQSpoot--dWIATtBIn_pDfXko5fyPILHEX4tPloG0'}
[2025-03-23 20:21:11,148] INFO auth Attempting to decode token with SECRET_KEY: COR...
[2025-03-23 20:21:11,148] INFO auth Token decoded successfully with payload keys: ['id_documento', 'id_usuario', 'id_proceso', 'exp', 'purpose']
[2025-03-23 20:21:11,149] INFO ai ==== GENERATION CHUNK REQUEST DEBUG INFO ====
[2025-03-23 20:21:11,149] INFO ai Auth data: None
[2025-03-23 20:21:11,149] INFO ai Auth type: <class 'NoneType'>
[2025-03-23 20:21:11,149] INFO ai Auth keys: None
[2025-03-23 20:21:11,149] INFO ai Payload id_documento: 3
[2025-03-23 20:21:11,149] INFO ai Payload id_proceso: gen_3_1742779267
[2025-03-23 20:21:11,149] INFO ai ==============================================
[2025-03-23 20:21:11,149] ERROR ai Authentication required but not provided
[2025-03-23 20:21:11,173] INFO auth JWTAuth.authenticate called with token: eyJhbGciOi...
[2025-03-23 20:21:11,174] INFO auth JWT_SECRET_KEY length: 86
[2025-03-23 20:21:11,174] INFO auth Headers: {'Content-Length': '2214', 'Content-Type': 'application/json', 'Host': 'localhost:8000', 'User-Agent': 'python-requests/2.31.0', 'Accept-Encoding': 'gzip, deflate', 'Accept': '*/*', 'Connection': 'keep-alive', 'Authorization': 'Bearer eyJhbGciOiJIUzI1NiIsInR5cCI6IkpXVCJ9.eyJpZF9kb2N1bWVudG8iOjMsImlkX3VzdWFyaW8iOjEsImlkX3Byb2Nlc28iOiJnZW5fM18xNzQyNzc5MjY3IiwiZXhwIjoxNzQyNzgxMDY3LCJwdXJwb3NlIjoiZG9jdW1lbnRfZ2VuZXJhdGlvbiJ9.r1uQSpoot--dWIATtBIn_pDfXko5fyPILHEX4tPloG0'}
[2025-03-23 20:21:11,174] INFO auth Attempting to decode token with SECRET_KEY: COR...
[2025-03-23 20:21:11,174] INFO auth Token decoded successfully with payload keys: ['id_documento', 'id_usuario', 'id_proceso', 'exp', 'purpose']
[2025-03-23 20:21:11,175] INFO ai ==== GENERATION CHUNK REQUEST DEBUG INFO ====
[2025-03-23 20:21:11,175] INFO ai Auth data: None
[2025-03-23 20:21:11,175] INFO ai Auth type: <class 'NoneType'>
[2025-03-23 20:21:11,175] INFO ai Auth keys: None
[2025-03-23 20:21:11,175] INFO ai Payload id_documento: 3
[2025-03-23 20:21:11,175] INFO ai Payload id_proceso: gen_3_1742779267
[2025-03-23 20:21:11,175] INFO ai ==============================================
[2025-03-23 20:21:11,175] ERROR ai Authentication required but not provided
[2025-03-23 20:21:11,190] INFO ai Successfully initiated document generation for job gen_3_1742779267
[2025-03-23 20:31:03,754] INFO ai Preparing document generation request - Content sizes: context=0, transcription=7357, template=1785
[2025-03-23 20:31:03,754] INFO ai Making validation request to cloud function
[2025-03-23 20:31:03,758] INFO ai Cloud function validation successful, proceeding with generation
[2025-03-23 20:31:04,881] INFO auth JWTAuth.authenticate called with token: eyJhbGciOi...
[2025-03-23 20:31:04,881] INFO auth JWT_SECRET_KEY length: 86
[2025-03-23 20:31:04,881] INFO auth Headers: {'Content-Length': '110', 'Content-Type': 'application/json', 'Host': 'localhost:8000', 'User-Agent': 'python-requests/2.31.0', 'Accept-Encoding': 'gzip, deflate', 'Accept': '*/*', 'Connection': 'keep-alive', 'Authorization': 'Bearer eyJhbGciOiJIUzI1NiIsInR5cCI6IkpXVCJ9.eyJpZF9kb2N1bWVudG8iOjMsImlkX3VzdWFyaW8iOjEsImlkX3Byb2Nlc28iOiJnZW5fM18xNzQyNzc5ODYzIiwiZXhwIjoxNzQyNzgxNjYzLCJwdXJwb3NlIjoiZG9jdW1lbnRfZ2VuZXJhdGlvbiJ9.EsKxBKO9jdPQxql0Md5gthx8Mw47XtuSEE1Y78u52VY'}
[2025-03-23 20:31:04,881] INFO auth Attempting to decode token with SECRET_KEY: COR...
[2025-03-23 20:31:04,881] INFO auth Token decoded successfully with payload keys: ['id_documento', 'id_usuario', 'id_proceso', 'exp', 'purpose']
[2025-03-23 20:31:04,882] INFO ai ==== GENERATION CHUNK REQUEST DEBUG INFO ====
[2025-03-23 20:31:04,882] INFO ai Auth data: None
[2025-03-23 20:31:04,882] INFO ai Auth type: <class 'NoneType'>
[2025-03-23 20:31:04,882] INFO ai Auth keys: None
[2025-03-23 20:31:04,882] INFO ai Payload id_documento: 3
[2025-03-23 20:31:04,882] INFO ai Payload id_proceso: gen_3_1742779863
[2025-03-23 20:31:04,882] INFO ai ==============================================
[2025-03-23 20:31:04,882] ERROR ai Authentication required but not provided
[2025-03-23 20:31:04,913] INFO auth JWTAuth.authenticate called with token: eyJhbGciOi...
[2025-03-23 20:31:04,914] INFO auth JWT_SECRET_KEY length: 86
[2025-03-23 20:31:04,914] INFO auth Headers: {'Content-Length': '110', 'Content-Type': 'application/json', 'Host': 'localhost:8000', 'User-Agent': 'python-requests/2.31.0', 'Accept-Encoding': 'gzip, deflate', 'Accept': '*/*', 'Connection': 'keep-alive', 'Authorization': 'Bearer eyJhbGciOiJIUzI1NiIsInR5cCI6IkpXVCJ9.eyJpZF9kb2N1bWVudG8iOjMsImlkX3VzdWFyaW8iOjEsImlkX3Byb2Nlc28iOiJnZW5fM18xNzQyNzc5ODYzIiwiZXhwIjoxNzQyNzgxNjYzLCJwdXJwb3NlIjoiZG9jdW1lbnRfZ2VuZXJhdGlvbiJ9.EsKxBKO9jdPQxql0Md5gthx8Mw47XtuSEE1Y78u52VY'}
[2025-03-23 20:31:04,914] INFO auth Attempting to decode token with SECRET_KEY: COR...
[2025-03-23 20:31:04,914] INFO auth Token decoded successfully with payload keys: ['id_documento', 'id_usuario', 'id_proceso', 'exp', 'purpose']
[2025-03-23 20:31:04,915] INFO ai ==== GENERATION CHUNK REQUEST DEBUG INFO ====
[2025-03-23 20:31:04,915] INFO ai Auth data: None
[2025-03-23 20:31:04,915] INFO ai Auth type: <class 'NoneType'>
[2025-03-23 20:31:04,915] INFO ai Auth keys: None
[2025-03-23 20:31:04,915] INFO ai Payload id_documento: 3
[2025-03-23 20:31:04,915] INFO ai Payload id_proceso: gen_3_1742779863
[2025-03-23 20:31:04,915] INFO ai ==============================================
[2025-03-23 20:31:04,915] ERROR ai Authentication required but not provided
[2025-03-23 20:31:04,955] INFO auth JWTAuth.authenticate called with token: eyJhbGciOi...
[2025-03-23 20:31:04,955] INFO auth JWT_SECRET_KEY length: 86
[2025-03-23 20:31:04,955] INFO auth Headers: {'Content-Length': '199', 'Content-Type': 'application/json', 'Host': 'localhost:8000', 'User-Agent': 'python-requests/2.31.0', 'Accept-Encoding': 'gzip, deflate', 'Accept': '*/*', 'Connection': 'keep-alive', 'Authorization': 'Bearer eyJhbGciOiJIUzI1NiIsInR5cCI6IkpXVCJ9.eyJpZF9kb2N1bWVudG8iOjMsImlkX3VzdWFyaW8iOjEsImlkX3Byb2Nlc28iOiJnZW5fM18xNzQyNzc5ODYzIiwiZXhwIjoxNzQyNzgxNjYzLCJwdXJwb3NlIjoiZG9jdW1lbnRfZ2VuZXJhdGlvbiJ9.EsKxBKO9jdPQxql0Md5gthx8Mw47XtuSEE1Y78u52VY'}
[2025-03-23 20:31:04,955] INFO auth Attempting to decode token with SECRET_KEY: COR...
[2025-03-23 20:31:04,955] INFO auth Token decoded successfully with payload keys: ['id_documento', 'id_usuario', 'id_proceso', 'exp', 'purpose']
[2025-03-23 20:31:04,956] INFO ai ==== GENERATION CHUNK REQUEST DEBUG INFO ====
[2025-03-23 20:31:04,956] INFO ai Auth data: None
[2025-03-23 20:31:04,956] INFO ai Auth type: <class 'NoneType'>
[2025-03-23 20:31:04,957] INFO ai Auth keys: None
[2025-03-23 20:31:04,957] INFO ai Payload id_documento: 3
[2025-03-23 20:31:04,957] INFO ai Payload id_proceso: gen_3_1742779863
[2025-03-23 20:31:04,957] INFO ai ==============================================
[2025-03-23 20:31:04,957] ERROR ai Authentication required but not provided
[2025-03-23 20:31:04,989] INFO auth JWTAuth.authenticate called with token: eyJhbGciOi...
[2025-03-23 20:31:04,989] INFO auth JWT_SECRET_KEY length: 86
[2025-03-23 20:31:04,989] INFO auth Headers: {'Content-Length': '199', 'Content-Type': 'application/json', 'Host': 'localhost:8000', 'User-Agent': 'python-requests/2.31.0', 'Accept-Encoding': 'gzip, deflate', 'Accept': '*/*', 'Connection': 'keep-alive', 'Authorization': 'Bearer eyJhbGciOiJIUzI1NiIsInR5cCI6IkpXVCJ9.eyJpZF9kb2N1bWVudG8iOjMsImlkX3VzdWFyaW8iOjEsImlkX3Byb2Nlc28iOiJnZW5fM18xNzQyNzc5ODYzIiwiZXhwIjoxNzQyNzgxNjYzLCJwdXJwb3NlIjoiZG9jdW1lbnRfZ2VuZXJhdGlvbiJ9.EsKxBKO9jdPQxql0Md5gthx8Mw47XtuSEE1Y78u52VY'}
[2025-03-23 20:31:04,990] INFO auth Attempting to decode token with SECRET_KEY: COR...
[2025-03-23 20:31:04,990] INFO auth Token decoded successfully with payload keys: ['id_documento', 'id_usuario', 'id_proceso', 'exp', 'purpose']
[2025-03-23 20:31:04,991] INFO ai ==== GENERATION CHUNK REQUEST DEBUG INFO ====
[2025-03-23 20:31:04,991] INFO ai Auth data: None
[2025-03-23 20:31:04,991] INFO ai Auth type: <class 'NoneType'>
[2025-03-23 20:31:04,991] INFO ai Auth keys: None
[2025-03-23 20:31:04,991] INFO ai Payload id_documento: 3
[2025-03-23 20:31:04,991] INFO ai Payload id_proceso: gen_3_1742779863
[2025-03-23 20:31:04,991] INFO ai ==============================================
[2025-03-23 20:31:04,991] ERROR ai Authentication required but not provided
[2025-03-23 20:31:05,022] INFO auth JWTAuth.authenticate called with token: eyJhbGciOi...
[2025-03-23 20:31:05,022] INFO auth JWT_SECRET_KEY length: 86
[2025-03-23 20:31:05,022] INFO auth Headers: {'Content-Length': '189', 'Content-Type': 'application/json', 'Host': 'localhost:8000', 'User-Agent': 'python-requests/2.31.0', 'Accept-Encoding': 'gzip, deflate', 'Accept': '*/*', 'Connection': 'keep-alive', 'Authorization': 'Bearer eyJhbGciOiJIUzI1NiIsInR5cCI6IkpXVCJ9.eyJpZF9kb2N1bWVudG8iOjMsImlkX3VzdWFyaW8iOjEsImlkX3Byb2Nlc28iOiJnZW5fM18xNzQyNzc5ODYzIiwiZXhwIjoxNzQyNzgxNjYzLCJwdXJwb3NlIjoiZG9jdW1lbnRfZ2VuZXJhdGlvbiJ9.EsKxBKO9jdPQxql0Md5gthx8Mw47XtuSEE1Y78u52VY'}
[2025-03-23 20:31:05,023] INFO auth Attempting to decode token with SECRET_KEY: COR...
[2025-03-23 20:31:05,023] INFO auth Token decoded successfully with payload keys: ['id_documento', 'id_usuario', 'id_proceso', 'exp', 'purpose']
[2025-03-23 20:31:05,023] INFO ai ==== GENERATION CHUNK REQUEST DEBUG INFO ====
[2025-03-23 20:31:05,024] INFO ai Auth data: None
[2025-03-23 20:31:05,024] INFO ai Auth type: <class 'NoneType'>
[2025-03-23 20:31:05,024] INFO ai Auth keys: None
[2025-03-23 20:31:05,024] INFO ai Payload id_documento: 3
[2025-03-23 20:31:05,024] INFO ai Payload id_proceso: gen_3_1742779863
[2025-03-23 20:31:05,024] INFO ai ==============================================
[2025-03-23 20:31:05,024] ERROR ai Authentication required but not provided
[2025-03-23 20:31:05,051] INFO auth JWTAuth.authenticate called with token: eyJhbGciOi...
[2025-03-23 20:31:05,051] INFO auth JWT_SECRET_KEY length: 86
[2025-03-23 20:31:05,052] INFO auth Headers: {'Content-Length': '189', 'Content-Type': 'application/json', 'Host': 'localhost:8000', 'User-Agent': 'python-requests/2.31.0', 'Accept-Encoding': 'gzip, deflate', 'Accept': '*/*', 'Connection': 'keep-alive', 'Authorization': 'Bearer eyJhbGciOiJIUzI1NiIsInR5cCI6IkpXVCJ9.eyJpZF9kb2N1bWVudG8iOjMsImlkX3VzdWFyaW8iOjEsImlkX3Byb2Nlc28iOiJnZW5fM18xNzQyNzc5ODYzIiwiZXhwIjoxNzQyNzgxNjYzLCJwdXJwb3NlIjoiZG9jdW1lbnRfZ2VuZXJhdGlvbiJ9.EsKxBKO9jdPQxql0Md5gthx8Mw47XtuSEE1Y78u52VY'}
[2025-03-23 20:31:05,052] INFO auth Attempting to decode token with SECRET_KEY: COR...
[2025-03-23 20:31:05,052] INFO auth Token decoded successfully with payload keys: ['id_documento', 'id_usuario', 'id_proceso', 'exp', 'purpose']
[2025-03-23 20:31:05,053] INFO ai ==== GENERATION CHUNK REQUEST DEBUG INFO ====
[2025-03-23 20:31:05,053] INFO ai Auth data: None
[2025-03-23 20:31:05,053] INFO ai Auth type: <class 'NoneType'>
[2025-03-23 20:31:05,053] INFO ai Auth keys: None
[2025-03-23 20:31:05,054] INFO ai Payload id_documento: 3
[2025-03-23 20:31:05,054] INFO ai Payload id_proceso: gen_3_1742779863
[2025-03-23 20:31:05,054] INFO ai ==============================================
[2025-03-23 20:31:05,054] ERROR ai Authentication required but not provided
[2025-03-23 20:31:05,152] INFO auth JWTAuth.authenticate called with token: eyJhbGciOi...
[2025-03-23 20:31:05,152] INFO auth JWT_SECRET_KEY length: 86
[2025-03-23 20:31:05,152] INFO auth Headers: {'Content-Length': '280', 'Content-Type': 'application/json', 'Host': 'localhost:8000', 'User-Agent': 'python-requests/2.31.0', 'Accept-Encoding': 'gzip, deflate', 'Accept': '*/*', 'Connection': 'keep-alive', 'Authorization': 'Bearer eyJhbGciOiJIUzI1NiIsInR5cCI6IkpXVCJ9.eyJpZF9kb2N1bWVudG8iOjMsImlkX3VzdWFyaW8iOjEsImlkX3Byb2Nlc28iOiJnZW5fM18xNzQyNzc5ODYzIiwiZXhwIjoxNzQyNzgxNjYzLCJwdXJwb3NlIjoiZG9jdW1lbnRfZ2VuZXJhdGlvbiJ9.EsKxBKO9jdPQxql0Md5gthx8Mw47XtuSEE1Y78u52VY'}
[2025-03-23 20:31:05,152] INFO auth Attempting to decode token with SECRET_KEY: COR...
[2025-03-23 20:31:05,153] INFO auth Token decoded successfully with payload keys: ['id_documento', 'id_usuario', 'id_proceso', 'exp', 'purpose']
[2025-03-23 20:31:05,153] INFO ai ==== GENERATION CHUNK REQUEST DEBUG INFO ====
[2025-03-23 20:31:05,153] INFO ai Auth data: None
[2025-03-23 20:31:05,153] INFO ai Auth type: <class 'NoneType'>
[2025-03-23 20:31:05,153] INFO ai Auth keys: None
[2025-03-23 20:31:05,153] INFO ai Payload id_documento: 3
[2025-03-23 20:31:05,153] INFO ai Payload id_proceso: gen_3_1742779863
[2025-03-23 20:31:05,153] INFO ai ==============================================
[2025-03-23 20:31:05,153] ERROR ai Authentication required but not provided
[2025-03-23 20:31:05,181] INFO auth JWTAuth.authenticate called with token: eyJhbGciOi...
[2025-03-23 20:31:05,181] INFO auth JWT_SECRET_KEY length: 86
[2025-03-23 20:31:05,181] INFO auth Headers: {'Content-Length': '280', 'Content-Type': 'application/json', 'Host': 'localhost:8000', 'User-Agent': 'python-requests/2.31.0', 'Accept-Encoding': 'gzip, deflate', 'Accept': '*/*', 'Connection': 'keep-alive', 'Authorization': 'Bearer eyJhbGciOiJIUzI1NiIsInR5cCI6IkpXVCJ9.eyJpZF9kb2N1bWVudG8iOjMsImlkX3VzdWFyaW8iOjEsImlkX3Byb2Nlc28iOiJnZW5fM18xNzQyNzc5ODYzIiwiZXhwIjoxNzQyNzgxNjYzLCJwdXJwb3NlIjoiZG9jdW1lbnRfZ2VuZXJhdGlvbiJ9.EsKxBKO9jdPQxql0Md5gthx8Mw47XtuSEE1Y78u52VY'}
[2025-03-23 20:31:05,181] INFO auth Attempting to decode token with SECRET_KEY: COR...
[2025-03-23 20:31:05,182] INFO auth Token decoded successfully with payload keys: ['id_documento', 'id_usuario', 'id_proceso', 'exp', 'purpose']
[2025-03-23 20:31:05,182] INFO ai ==== GENERATION CHUNK REQUEST DEBUG INFO ====
[2025-03-23 20:31:05,182] INFO ai Auth data: None
[2025-03-23 20:31:05,183] INFO ai Auth type: <class 'NoneType'>
[2025-03-23 20:31:05,183] INFO ai Auth keys: None
[2025-03-23 20:31:05,183] INFO ai Payload id_documento: 3
[2025-03-23 20:31:05,183] INFO ai Payload id_proceso: gen_3_1742779863
[2025-03-23 20:31:05,183] INFO ai ==============================================
[2025-03-23 20:31:05,183] ERROR ai Authentication required but not provided
[2025-03-23 20:31:05,320] INFO auth JWTAuth.authenticate called with token: eyJhbGciOi...
[2025-03-23 20:31:05,320] INFO auth JWT_SECRET_KEY length: 86
[2025-03-23 20:31:05,320] INFO auth Headers: {'Content-Length': '279', 'Content-Type': 'application/json', 'Host': 'localhost:8000', 'User-Agent': 'python-requests/2.31.0', 'Accept-Encoding': 'gzip, deflate', 'Accept': '*/*', 'Connection': 'keep-alive', 'Authorization': 'Bearer eyJhbGciOiJIUzI1NiIsInR5cCI6IkpXVCJ9.eyJpZF9kb2N1bWVudG8iOjMsImlkX3VzdWFyaW8iOjEsImlkX3Byb2Nlc28iOiJnZW5fM18xNzQyNzc5ODYzIiwiZXhwIjoxNzQyNzgxNjYzLCJwdXJwb3NlIjoiZG9jdW1lbnRfZ2VuZXJhdGlvbiJ9.EsKxBKO9jdPQxql0Md5gthx8Mw47XtuSEE1Y78u52VY'}
[2025-03-23 20:31:05,320] INFO auth Attempting to decode token with SECRET_KEY: COR...
[2025-03-23 20:31:05,320] INFO auth Token decoded successfully with payload keys: ['id_documento', 'id_usuario', 'id_proceso', 'exp', 'purpose']
[2025-03-23 20:31:05,320] INFO ai ==== GENERATION CHUNK REQUEST DEBUG INFO ====
[2025-03-23 20:31:05,321] INFO ai Auth data: None
[2025-03-23 20:31:05,321] INFO ai Auth type: <class 'NoneType'>
[2025-03-23 20:31:05,321] INFO ai Auth keys: None
[2025-03-23 20:31:05,321] INFO ai Payload id_documento: 3
[2025-03-23 20:31:05,321] INFO ai Payload id_proceso: gen_3_1742779863
[2025-03-23 20:31:05,321] INFO ai ==============================================
[2025-03-23 20:31:05,321] ERROR ai Authentication required but not provided
[2025-03-23 20:31:05,350] INFO auth JWTAuth.authenticate called with token: eyJhbGciOi...
[2025-03-23 20:31:05,350] INFO auth JWT_SECRET_KEY length: 86
[2025-03-23 20:31:05,351] INFO auth Headers: {'Content-Length': '279', 'Content-Type': 'application/json', 'Host': 'localhost:8000', 'User-Agent': 'python-requests/2.31.0', 'Accept-Encoding': 'gzip, deflate', 'Accept': '*/*', 'Connection': 'keep-alive', 'Authorization': 'Bearer eyJhbGciOiJIUzI1NiIsInR5cCI6IkpXVCJ9.eyJpZF9kb2N1bWVudG8iOjMsImlkX3VzdWFyaW8iOjEsImlkX3Byb2Nlc28iOiJnZW5fM18xNzQyNzc5ODYzIiwiZXhwIjoxNzQyNzgxNjYzLCJwdXJwb3NlIjoiZG9jdW1lbnRfZ2VuZXJhdGlvbiJ9.EsKxBKO9jdPQxql0Md5gthx8Mw47XtuSEE1Y78u52VY'}
[2025-03-23 20:31:05,351] INFO auth Attempting to decode token with SECRET_KEY: COR...
[2025-03-23 20:31:05,351] INFO auth Token decoded successfully with payload keys: ['id_documento', 'id_usuario', 'id_proceso', 'exp', 'purpose']
[2025-03-23 20:31:05,352] INFO ai ==== GENERATION CHUNK REQUEST DEBUG INFO ====
[2025-03-23 20:31:05,352] INFO ai Auth data: None
[2025-03-23 20:31:05,352] INFO ai Auth type: <class 'NoneType'>
[2025-03-23 20:31:05,352] INFO ai Auth keys: None
[2025-03-23 20:31:05,352] INFO ai Payload id_documento: 3
[2025-03-23 20:31:05,353] INFO ai Payload id_proceso: gen_3_1742779863
[2025-03-23 20:31:05,353] INFO ai ==============================================
[2025-03-23 20:31:05,353] ERROR ai Authentication required but not provided
[2025-03-23 20:31:05,562] INFO auth JWTAuth.authenticate called with token: eyJhbGciOi...
[2025-03-23 20:31:05,563] INFO auth JWT_SECRET_KEY length: 86
[2025-03-23 20:31:05,563] INFO auth Headers: {'Content-Length': '311', 'Content-Type': 'application/json', 'Host': 'localhost:8000', 'User-Agent': 'python-requests/2.31.0', 'Accept-Encoding': 'gzip, deflate', 'Accept': '*/*', 'Connection': 'keep-alive', 'Authorization': 'Bearer eyJhbGciOiJIUzI1NiIsInR5cCI6IkpXVCJ9.eyJpZF9kb2N1bWVudG8iOjMsImlkX3VzdWFyaW8iOjEsImlkX3Byb2Nlc28iOiJnZW5fM18xNzQyNzc5ODYzIiwiZXhwIjoxNzQyNzgxNjYzLCJwdXJwb3NlIjoiZG9jdW1lbnRfZ2VuZXJhdGlvbiJ9.EsKxBKO9jdPQxql0Md5gthx8Mw47XtuSEE1Y78u52VY'}
[2025-03-23 20:31:05,563] INFO auth Attempting to decode token with SECRET_KEY: COR...
[2025-03-23 20:31:05,564] INFO auth Token decoded successfully with payload keys: ['id_documento', 'id_usuario', 'id_proceso', 'exp', 'purpose']
[2025-03-23 20:31:05,565] INFO ai ==== GENERATION CHUNK REQUEST DEBUG INFO ====
[2025-03-23 20:31:05,565] INFO ai Auth data: None
[2025-03-23 20:31:05,565] INFO ai Auth type: <class 'NoneType'>
[2025-03-23 20:31:05,565] INFO ai Auth keys: None
[2025-03-23 20:31:05,566] INFO ai Payload id_documento: 3
[2025-03-23 20:31:05,566] INFO ai Payload id_proceso: gen_3_1742779863
[2025-03-23 20:31:05,566] INFO ai ==============================================
[2025-03-23 20:31:05,566] ERROR ai Authentication required but not provided
[2025-03-23 20:31:05,604] INFO auth JWTAuth.authenticate called with token: eyJhbGciOi...
[2025-03-23 20:31:05,604] INFO auth JWT_SECRET_KEY length: 86
[2025-03-23 20:31:05,605] INFO auth Headers: {'Content-Length': '311', 'Content-Type': 'application/json', 'Host': 'localhost:8000', 'User-Agent': 'python-requests/2.31.0', 'Accept-Encoding': 'gzip, deflate', 'Accept': '*/*', 'Connection': 'keep-alive', 'Authorization': 'Bearer eyJhbGciOiJIUzI1NiIsInR5cCI6IkpXVCJ9.eyJpZF9kb2N1bWVudG8iOjMsImlkX3VzdWFyaW8iOjEsImlkX3Byb2Nlc28iOiJnZW5fM18xNzQyNzc5ODYzIiwiZXhwIjoxNzQyNzgxNjYzLCJwdXJwb3NlIjoiZG9jdW1lbnRfZ2VuZXJhdGlvbiJ9.EsKxBKO9jdPQxql0Md5gthx8Mw47XtuSEE1Y78u52VY'}
[2025-03-23 20:31:05,605] INFO auth Attempting to decode token with SECRET_KEY: COR...
[2025-03-23 20:31:05,605] INFO auth Token decoded successfully with payload keys: ['id_documento', 'id_usuario', 'id_proceso', 'exp', 'purpose']
[2025-03-23 20:31:05,605] INFO ai ==== GENERATION CHUNK REQUEST DEBUG INFO ====
[2025-03-23 20:31:05,605] INFO ai Auth data: None
[2025-03-23 20:31:05,605] INFO ai Auth type: <class 'NoneType'>
[2025-03-23 20:31:05,606] INFO ai Auth keys: None
[2025-03-23 20:31:05,606] INFO ai Payload id_documento: 3
[2025-03-23 20:31:05,606] INFO ai Payload id_proceso: gen_3_1742779863
[2025-03-23 20:31:05,606] INFO ai ==============================================
[2025-03-23 20:31:05,606] ERROR ai Authentication required but not provided
[2025-03-23 20:31:05,828] INFO auth JWTAuth.authenticate called with token: eyJhbGciOi...
[2025-03-23 20:31:05,829] INFO auth JWT_SECRET_KEY length: 86
[2025-03-23 20:31:05,829] INFO auth Headers: {'Content-Length': '338', 'Content-Type': 'application/json', 'Host': 'localhost:8000', 'User-Agent': 'python-requests/2.31.0', 'Accept-Encoding': 'gzip, deflate', 'Accept': '*/*', 'Connection': 'keep-alive', 'Authorization': 'Bearer eyJhbGciOiJIUzI1NiIsInR5cCI6IkpXVCJ9.eyJpZF9kb2N1bWVudG8iOjMsImlkX3VzdWFyaW8iOjEsImlkX3Byb2Nlc28iOiJnZW5fM18xNzQyNzc5ODYzIiwiZXhwIjoxNzQyNzgxNjYzLCJwdXJwb3NlIjoiZG9jdW1lbnRfZ2VuZXJhdGlvbiJ9.EsKxBKO9jdPQxql0Md5gthx8Mw47XtuSEE1Y78u52VY'}
[2025-03-23 20:31:05,829] INFO auth Attempting to decode token with SECRET_KEY: COR...
[2025-03-23 20:31:05,830] INFO auth Token decoded successfully with payload keys: ['id_documento', 'id_usuario', 'id_proceso', 'exp', 'purpose']
[2025-03-23 20:31:05,830] INFO ai ==== GENERATION CHUNK REQUEST DEBUG INFO ====
[2025-03-23 20:31:05,830] INFO ai Auth data: None
[2025-03-23 20:31:05,831] INFO ai Auth type: <class 'NoneType'>
[2025-03-23 20:31:05,831] INFO ai Auth keys: None
[2025-03-23 20:31:05,831] INFO ai Payload id_documento: 3
[2025-03-23 20:31:05,831] INFO ai Payload id_proceso: gen_3_1742779863
[2025-03-23 20:31:05,831] INFO ai ==============================================
[2025-03-23 20:31:05,831] ERROR ai Authentication required but not provided
[2025-03-23 20:31:05,895] INFO auth JWTAuth.authenticate called with token: eyJhbGciOi...
[2025-03-23 20:31:05,896] INFO auth JWT_SECRET_KEY length: 86
[2025-03-23 20:31:05,896] INFO auth Headers: {'Content-Length': '338', 'Content-Type': 'application/json', 'Host': 'localhost:8000', 'User-Agent': 'python-requests/2.31.0', 'Accept-Encoding': 'gzip, deflate', 'Accept': '*/*', 'Connection': 'keep-alive', 'Authorization': 'Bearer eyJhbGciOiJIUzI1NiIsInR5cCI6IkpXVCJ9.eyJpZF9kb2N1bWVudG8iOjMsImlkX3VzdWFyaW8iOjEsImlkX3Byb2Nlc28iOiJnZW5fM18xNzQyNzc5ODYzIiwiZXhwIjoxNzQyNzgxNjYzLCJwdXJwb3NlIjoiZG9jdW1lbnRfZ2VuZXJhdGlvbiJ9.EsKxBKO9jdPQxql0Md5gthx8Mw47XtuSEE1Y78u52VY'}
[2025-03-23 20:31:05,896] INFO auth Attempting to decode token with SECRET_KEY: COR...
[2025-03-23 20:31:05,897] INFO auth Token decoded successfully with payload keys: ['id_documento', 'id_usuario', 'id_proceso', 'exp', 'purpose']
[2025-03-23 20:31:05,898] INFO ai ==== GENERATION CHUNK REQUEST DEBUG INFO ====
[2025-03-23 20:31:05,898] INFO ai Auth data: None
[2025-03-23 20:31:05,899] INFO ai Auth type: <class 'NoneType'>
[2025-03-23 20:31:05,899] INFO ai Auth keys: None
[2025-03-23 20:31:05,899] INFO ai Payload id_documento: 3
[2025-03-23 20:31:05,899] INFO ai Payload id_proceso: gen_3_1742779863
[2025-03-23 20:31:05,899] INFO ai ==============================================
[2025-03-23 20:31:05,899] ERROR ai Authentication required but not provided
[2025-03-23 20:31:06,153] INFO auth JWTAuth.authenticate called with token: eyJhbGciOi...
[2025-03-23 20:31:06,153] INFO auth JWT_SECRET_KEY length: 86
[2025-03-23 20:31:06,153] INFO auth Headers: {'Content-Length': '424', 'Content-Type': 'application/json', 'Host': 'localhost:8000', 'User-Agent': 'python-requests/2.31.0', 'Accept-Encoding': 'gzip, deflate', 'Accept': '*/*', 'Connection': 'keep-alive', 'Authorization': 'Bearer eyJhbGciOiJIUzI1NiIsInR5cCI6IkpXVCJ9.eyJpZF9kb2N1bWVudG8iOjMsImlkX3VzdWFyaW8iOjEsImlkX3Byb2Nlc28iOiJnZW5fM18xNzQyNzc5ODYzIiwiZXhwIjoxNzQyNzgxNjYzLCJwdXJwb3NlIjoiZG9jdW1lbnRfZ2VuZXJhdGlvbiJ9.EsKxBKO9jdPQxql0Md5gthx8Mw47XtuSEE1Y78u52VY'}
[2025-03-23 20:31:06,154] INFO auth Attempting to decode token with SECRET_KEY: COR...
[2025-03-23 20:31:06,154] INFO auth Token decoded successfully with payload keys: ['id_documento', 'id_usuario', 'id_proceso', 'exp', 'purpose']
[2025-03-23 20:31:06,155] INFO ai ==== GENERATION CHUNK REQUEST DEBUG INFO ====
[2025-03-23 20:31:06,155] INFO ai Auth data: None
[2025-03-23 20:31:06,155] INFO ai Auth type: <class 'NoneType'>
[2025-03-23 20:31:06,155] INFO ai Auth keys: None
[2025-03-23 20:31:06,155] INFO ai Payload id_documento: 3
[2025-03-23 20:31:06,155] INFO ai Payload id_proceso: gen_3_1742779863
[2025-03-23 20:31:06,155] INFO ai ==============================================
[2025-03-23 20:31:06,155] ERROR ai Authentication required but not provided
[2025-03-23 20:31:06,187] INFO auth JWTAuth.authenticate called with token: eyJhbGciOi...
[2025-03-23 20:31:06,187] INFO auth JWT_SECRET_KEY length: 86
[2025-03-23 20:31:06,187] INFO auth Headers: {'Content-Length': '424', 'Content-Type': 'application/json', 'Host': 'localhost:8000', 'User-Agent': 'python-requests/2.31.0', 'Accept-Encoding': 'gzip, deflate', 'Accept': '*/*', 'Connection': 'keep-alive', 'Authorization': 'Bearer eyJhbGciOiJIUzI1NiIsInR5cCI6IkpXVCJ9.eyJpZF9kb2N1bWVudG8iOjMsImlkX3VzdWFyaW8iOjEsImlkX3Byb2Nlc28iOiJnZW5fM18xNzQyNzc5ODYzIiwiZXhwIjoxNzQyNzgxNjYzLCJwdXJwb3NlIjoiZG9jdW1lbnRfZ2VuZXJhdGlvbiJ9.EsKxBKO9jdPQxql0Md5gthx8Mw47XtuSEE1Y78u52VY'}
[2025-03-23 20:31:06,187] INFO auth Attempting to decode token with SECRET_KEY: COR...
[2025-03-23 20:31:06,188] INFO auth Token decoded successfully with payload keys: ['id_documento', 'id_usuario', 'id_proceso', 'exp', 'purpose']
[2025-03-23 20:31:06,188] INFO ai ==== GENERATION CHUNK REQUEST DEBUG INFO ====
[2025-03-23 20:31:06,188] INFO ai Auth data: None
[2025-03-23 20:31:06,188] INFO ai Auth type: <class 'NoneType'>
[2025-03-23 20:31:06,188] INFO ai Auth keys: None
[2025-03-23 20:31:06,188] INFO ai Payload id_documento: 3
[2025-03-23 20:31:06,188] INFO ai Payload id_proceso: gen_3_1742779863
[2025-03-23 20:31:06,188] INFO ai ==============================================
[2025-03-23 20:31:06,188] ERROR ai Authentication required but not provided
[2025-03-23 20:31:06,543] INFO auth JWTAuth.authenticate called with token: eyJhbGciOi...
[2025-03-23 20:31:06,543] INFO auth JWT_SECRET_KEY length: 86
[2025-03-23 20:31:06,544] INFO auth Headers: {'Content-Length': '446', 'Content-Type': 'application/json', 'Host': 'localhost:8000', 'User-Agent': 'python-requests/2.31.0', 'Accept-Encoding': 'gzip, deflate', 'Accept': '*/*', 'Connection': 'keep-alive', 'Authorization': 'Bearer eyJhbGciOiJIUzI1NiIsInR5cCI6IkpXVCJ9.eyJpZF9kb2N1bWVudG8iOjMsImlkX3VzdWFyaW8iOjEsImlkX3Byb2Nlc28iOiJnZW5fM18xNzQyNzc5ODYzIiwiZXhwIjoxNzQyNzgxNjYzLCJwdXJwb3NlIjoiZG9jdW1lbnRfZ2VuZXJhdGlvbiJ9.EsKxBKO9jdPQxql0Md5gthx8Mw47XtuSEE1Y78u52VY'}
[2025-03-23 20:31:06,544] INFO auth Attempting to decode token with SECRET_KEY: COR...
[2025-03-23 20:31:06,545] INFO auth Token decoded successfully with payload keys: ['id_documento', 'id_usuario', 'id_proceso', 'exp', 'purpose']
[2025-03-23 20:31:06,545] INFO ai ==== GENERATION CHUNK REQUEST DEBUG INFO ====
[2025-03-23 20:31:06,546] INFO ai Auth data: None
[2025-03-23 20:31:06,546] INFO ai Auth type: <class 'NoneType'>
[2025-03-23 20:31:06,546] INFO ai Auth keys: None
[2025-03-23 20:31:06,546] INFO ai Payload id_documento: 3
[2025-03-23 20:31:06,546] INFO ai Payload id_proceso: gen_3_1742779863
[2025-03-23 20:31:06,547] INFO ai ==============================================
[2025-03-23 20:31:06,547] ERROR ai Authentication required but not provided
[2025-03-23 20:31:06,585] INFO auth JWTAuth.authenticate called with token: eyJhbGciOi...
[2025-03-23 20:31:06,586] INFO auth JWT_SECRET_KEY length: 86
[2025-03-23 20:31:06,586] INFO auth Headers: {'Content-Length': '446', 'Content-Type': 'application/json', 'Host': 'localhost:8000', 'User-Agent': 'python-requests/2.31.0', 'Accept-Encoding': 'gzip, deflate', 'Accept': '*/*', 'Connection': 'keep-alive', 'Authorization': 'Bearer eyJhbGciOiJIUzI1NiIsInR5cCI6IkpXVCJ9.eyJpZF9kb2N1bWVudG8iOjMsImlkX3VzdWFyaW8iOjEsImlkX3Byb2Nlc28iOiJnZW5fM18xNzQyNzc5ODYzIiwiZXhwIjoxNzQyNzgxNjYzLCJwdXJwb3NlIjoiZG9jdW1lbnRfZ2VuZXJhdGlvbiJ9.EsKxBKO9jdPQxql0Md5gthx8Mw47XtuSEE1Y78u52VY'}
[2025-03-23 20:31:06,586] INFO auth Attempting to decode token with SECRET_KEY: COR...
[2025-03-23 20:31:06,586] INFO auth Token decoded successfully with payload keys: ['id_documento', 'id_usuario', 'id_proceso', 'exp', 'purpose']
[2025-03-23 20:31:06,587] INFO ai ==== GENERATION CHUNK REQUEST DEBUG INFO ====
[2025-03-23 20:31:06,587] INFO ai Auth data: None
[2025-03-23 20:31:06,587] INFO ai Auth type: <class 'NoneType'>
[2025-03-23 20:31:06,587] INFO ai Auth keys: None
[2025-03-23 20:31:06,587] INFO ai Payload id_documento: 3
[2025-03-23 20:31:06,587] INFO ai Payload id_proceso: gen_3_1742779863
[2025-03-23 20:31:06,587] INFO ai ==============================================
[2025-03-23 20:31:06,587] ERROR ai Authentication required but not provided
[2025-03-23 20:31:06,888] INFO auth JWTAuth.authenticate called with token: eyJhbGciOi...
[2025-03-23 20:31:06,889] INFO auth JWT_SECRET_KEY length: 86
[2025-03-23 20:31:06,889] INFO auth Headers: {'Content-Length': '423', 'Content-Type': 'application/json', 'Host': 'localhost:8000', 'User-Agent': 'python-requests/2.31.0', 'Accept-Encoding': 'gzip, deflate', 'Accept': '*/*', 'Connection': 'keep-alive', 'Authorization': 'Bearer eyJhbGciOiJIUzI1NiIsInR5cCI6IkpXVCJ9.eyJpZF9kb2N1bWVudG8iOjMsImlkX3VzdWFyaW8iOjEsImlkX3Byb2Nlc28iOiJnZW5fM18xNzQyNzc5ODYzIiwiZXhwIjoxNzQyNzgxNjYzLCJwdXJwb3NlIjoiZG9jdW1lbnRfZ2VuZXJhdGlvbiJ9.EsKxBKO9jdPQxql0Md5gthx8Mw47XtuSEE1Y78u52VY'}
[2025-03-23 20:31:06,889] INFO auth Attempting to decode token with SECRET_KEY: COR...
[2025-03-23 20:31:06,889] INFO auth Token decoded successfully with payload keys: ['id_documento', 'id_usuario', 'id_proceso', 'exp', 'purpose']
[2025-03-23 20:31:06,889] INFO ai ==== GENERATION CHUNK REQUEST DEBUG INFO ====
[2025-03-23 20:31:06,889] INFO ai Auth data: None
[2025-03-23 20:31:06,889] INFO ai Auth type: <class 'NoneType'>
[2025-03-23 20:31:06,890] INFO ai Auth keys: None
[2025-03-23 20:31:06,890] INFO ai Payload id_documento: 3
[2025-03-23 20:31:06,890] INFO ai Payload id_proceso: gen_3_1742779863
[2025-03-23 20:31:06,890] INFO ai ==============================================
[2025-03-23 20:31:06,890] ERROR ai Authentication required but not provided
[2025-03-23 20:31:06,908] INFO auth JWTAuth.authenticate called with token: eyJhbGciOi...
[2025-03-23 20:31:06,909] INFO auth JWT_SECRET_KEY length: 86
[2025-03-23 20:31:06,909] INFO auth Headers: {'Content-Length': '423', 'Content-Type': 'application/json', 'Host': 'localhost:8000', 'User-Agent': 'python-requests/2.31.0', 'Accept-Encoding': 'gzip, deflate', 'Accept': '*/*', 'Connection': 'keep-alive', 'Authorization': 'Bearer eyJhbGciOiJIUzI1NiIsInR5cCI6IkpXVCJ9.eyJpZF9kb2N1bWVudG8iOjMsImlkX3VzdWFyaW8iOjEsImlkX3Byb2Nlc28iOiJnZW5fM18xNzQyNzc5ODYzIiwiZXhwIjoxNzQyNzgxNjYzLCJwdXJwb3NlIjoiZG9jdW1lbnRfZ2VuZXJhdGlvbiJ9.EsKxBKO9jdPQxql0Md5gthx8Mw47XtuSEE1Y78u52VY'}
[2025-03-23 20:31:06,909] INFO auth Attempting to decode token with SECRET_KEY: COR...
[2025-03-23 20:31:06,909] INFO auth Token decoded successfully with payload keys: ['id_documento', 'id_usuario', 'id_proceso', 'exp', 'purpose']
[2025-03-23 20:31:06,909] INFO ai ==== GENERATION CHUNK REQUEST DEBUG INFO ====
[2025-03-23 20:31:06,909] INFO ai Auth data: None
[2025-03-23 20:31:06,909] INFO ai Auth type: <class 'NoneType'>
[2025-03-23 20:31:06,909] INFO ai Auth keys: None
[2025-03-23 20:31:06,909] INFO ai Payload id_documento: 3
[2025-03-23 20:31:06,909] INFO ai Payload id_proceso: gen_3_1742779863
[2025-03-23 20:31:06,909] INFO ai ==============================================
[2025-03-23 20:31:06,909] ERROR ai Authentication required but not provided
[2025-03-23 20:31:06,961] INFO auth JWTAuth.authenticate called with token: eyJhbGciOi...
[2025-03-23 20:31:06,961] INFO auth JWT_SECRET_KEY length: 86
[2025-03-23 20:31:06,961] INFO auth Headers: {'Content-Length': '201', 'Content-Type': 'application/json', 'Host': 'localhost:8000', 'User-Agent': 'python-requests/2.31.0', 'Accept-Encoding': 'gzip, deflate', 'Accept': '*/*', 'Connection': 'keep-alive', 'Authorization': 'Bearer eyJhbGciOiJIUzI1NiIsInR5cCI6IkpXVCJ9.eyJpZF9kb2N1bWVudG8iOjMsImlkX3VzdWFyaW8iOjEsImlkX3Byb2Nlc28iOiJnZW5fM18xNzQyNzc5ODYzIiwiZXhwIjoxNzQyNzgxNjYzLCJwdXJwb3NlIjoiZG9jdW1lbnRfZ2VuZXJhdGlvbiJ9.EsKxBKO9jdPQxql0Md5gthx8Mw47XtuSEE1Y78u52VY'}
[2025-03-23 20:31:06,961] INFO auth Attempting to decode token with SECRET_KEY: COR...
[2025-03-23 20:31:06,962] INFO auth Token decoded successfully with payload keys: ['id_documento', 'id_usuario', 'id_proceso', 'exp', 'purpose']
[2025-03-23 20:31:06,962] INFO ai ==== GENERATION CHUNK REQUEST DEBUG INFO ====
[2025-03-23 20:31:06,962] INFO ai Auth data: None
[2025-03-23 20:31:06,962] INFO ai Auth type: <class 'NoneType'>
[2025-03-23 20:31:06,962] INFO ai Auth keys: None
[2025-03-23 20:31:06,962] INFO ai Payload id_documento: 3
[2025-03-23 20:31:06,962] INFO ai Payload id_proceso: gen_3_1742779863
[2025-03-23 20:31:06,962] INFO ai ==============================================
[2025-03-23 20:31:06,962] ERROR ai Authentication required but not provided
[2025-03-23 20:31:06,988] INFO auth JWTAuth.authenticate called with token: eyJhbGciOi...
[2025-03-23 20:31:06,988] INFO auth JWT_SECRET_KEY length: 86
[2025-03-23 20:31:06,988] INFO auth Headers: {'Content-Length': '201', 'Content-Type': 'application/json', 'Host': 'localhost:8000', 'User-Agent': 'python-requests/2.31.0', 'Accept-Encoding': 'gzip, deflate', 'Accept': '*/*', 'Connection': 'keep-alive', 'Authorization': 'Bearer eyJhbGciOiJIUzI1NiIsInR5cCI6IkpXVCJ9.eyJpZF9kb2N1bWVudG8iOjMsImlkX3VzdWFyaW8iOjEsImlkX3Byb2Nlc28iOiJnZW5fM18xNzQyNzc5ODYzIiwiZXhwIjoxNzQyNzgxNjYzLCJwdXJwb3NlIjoiZG9jdW1lbnRfZ2VuZXJhdGlvbiJ9.EsKxBKO9jdPQxql0Md5gthx8Mw47XtuSEE1Y78u52VY'}
[2025-03-23 20:31:06,988] INFO auth Attempting to decode token with SECRET_KEY: COR...
[2025-03-23 20:31:06,988] INFO auth Token decoded successfully with payload keys: ['id_documento', 'id_usuario', 'id_proceso', 'exp', 'purpose']
[2025-03-23 20:31:06,989] INFO ai ==== GENERATION CHUNK REQUEST DEBUG INFO ====
[2025-03-23 20:31:06,989] INFO ai Auth data: None
[2025-03-23 20:31:06,989] INFO ai Auth type: <class 'NoneType'>
[2025-03-23 20:31:06,989] INFO ai Auth keys: None
[2025-03-23 20:31:06,989] INFO ai Payload id_documento: 3
[2025-03-23 20:31:06,989] INFO ai Payload id_proceso: gen_3_1742779863
[2025-03-23 20:31:06,989] INFO ai ==============================================
[2025-03-23 20:31:06,989] ERROR ai Authentication required but not provided
[2025-03-23 20:31:07,017] INFO auth JWTAuth.authenticate called with token: eyJhbGciOi...
[2025-03-23 20:31:07,017] INFO auth JWT_SECRET_KEY length: 86
[2025-03-23 20:31:07,018] INFO auth Headers: {'Content-Length': '2129', 'Content-Type': 'application/json', 'Host': 'localhost:8000', 'User-Agent': 'python-requests/2.31.0', 'Accept-Encoding': 'gzip, deflate', 'Accept': '*/*', 'Connection': 'keep-alive', 'Authorization': 'Bearer eyJhbGciOiJIUzI1NiIsInR5cCI6IkpXVCJ9.eyJpZF9kb2N1bWVudG8iOjMsImlkX3VzdWFyaW8iOjEsImlkX3Byb2Nlc28iOiJnZW5fM18xNzQyNzc5ODYzIiwiZXhwIjoxNzQyNzgxNjYzLCJwdXJwb3NlIjoiZG9jdW1lbnRfZ2VuZXJhdGlvbiJ9.EsKxBKO9jdPQxql0Md5gthx8Mw47XtuSEE1Y78u52VY'}
[2025-03-23 20:31:07,018] INFO auth Attempting to decode token with SECRET_KEY: COR...
[2025-03-23 20:31:07,018] INFO auth Token decoded successfully with payload keys: ['id_documento', 'id_usuario', 'id_proceso', 'exp', 'purpose']
[2025-03-23 20:31:07,018] INFO ai ==== GENERATION CHUNK REQUEST DEBUG INFO ====
[2025-03-23 20:31:07,018] INFO ai Auth data: None
[2025-03-23 20:31:07,018] INFO ai Auth type: <class 'NoneType'>
[2025-03-23 20:31:07,019] INFO ai Auth keys: None
[2025-03-23 20:31:07,019] INFO ai Payload id_documento: 3
[2025-03-23 20:31:07,019] INFO ai Payload id_proceso: gen_3_1742779863
[2025-03-23 20:31:07,019] INFO ai ==============================================
[2025-03-23 20:31:07,019] ERROR ai Authentication required but not provided
[2025-03-23 20:31:07,045] INFO auth JWTAuth.authenticate called with token: eyJhbGciOi...
[2025-03-23 20:31:07,045] INFO auth JWT_SECRET_KEY length: 86
[2025-03-23 20:31:07,046] INFO auth Headers: {'Content-Length': '2129', 'Content-Type': 'application/json', 'Host': 'localhost:8000', 'User-Agent': 'python-requests/2.31.0', 'Accept-Encoding': 'gzip, deflate', 'Accept': '*/*', 'Connection': 'keep-alive', 'Authorization': 'Bearer eyJhbGciOiJIUzI1NiIsInR5cCI6IkpXVCJ9.eyJpZF9kb2N1bWVudG8iOjMsImlkX3VzdWFyaW8iOjEsImlkX3Byb2Nlc28iOiJnZW5fM18xNzQyNzc5ODYzIiwiZXhwIjoxNzQyNzgxNjYzLCJwdXJwb3NlIjoiZG9jdW1lbnRfZ2VuZXJhdGlvbiJ9.EsKxBKO9jdPQxql0Md5gthx8Mw47XtuSEE1Y78u52VY'}
[2025-03-23 20:31:07,046] INFO auth Attempting to decode token with SECRET_KEY: COR...
[2025-03-23 20:31:07,046] INFO auth Token decoded successfully with payload keys: ['id_documento', 'id_usuario', 'id_proceso', 'exp', 'purpose']
[2025-03-23 20:31:07,046] INFO ai ==== GENERATION CHUNK REQUEST DEBUG INFO ====
[2025-03-23 20:31:07,046] INFO ai Auth data: None
[2025-03-23 20:31:07,047] INFO ai Auth type: <class 'NoneType'>
[2025-03-23 20:31:07,047] INFO ai Auth keys: None
[2025-03-23 20:31:07,047] INFO ai Payload id_documento: 3
[2025-03-23 20:31:07,047] INFO ai Payload id_proceso: gen_3_1742779863
[2025-03-23 20:31:07,047] INFO ai ==============================================
[2025-03-23 20:31:07,047] ERROR ai Authentication required but not provided
[2025-03-23 20:31:07,062] INFO ai Successfully initiated document generation for job gen_3_1742779863
[2025-03-23 20:34:18,520] INFO ai Preparing document generation request - Content sizes: context=0, transcription=7357, template=1785
[2025-03-23 20:34:18,520] INFO ai Making validation request to cloud function
[2025-03-23 20:34:18,525] INFO ai Cloud function validation successful, proceeding with generation
[2025-03-23 20:34:19,664] INFO auth JWTAuth.authenticate called with token: eyJhbGciOi...
[2025-03-23 20:34:19,664] INFO auth JWT_SECRET_KEY length: 86
[2025-03-23 20:34:19,664] INFO auth Headers: {'Content-Length': '108', 'Content-Type': 'application/json', 'Host': 'localhost:8000', 'User-Agent': 'python-requests/2.31.0', 'Accept-Encoding': 'gzip, deflate', 'Accept': '*/*', 'Connection': 'keep-alive', 'Authorization': 'Bearer eyJhbGciOiJIUzI1NiIsInR5cCI6IkpXVCJ9.eyJpZF9kb2N1bWVudG8iOjMsImlkX3VzdWFyaW8iOjEsImlkX3Byb2Nlc28iOiJnZW5fM18xNzQyNzgwMDU4IiwiZXhwIjoxNzQyNzgxODU4LCJwdXJwb3NlIjoiZG9jdW1lbnRfZ2VuZXJhdGlvbiJ9.JoBtBuI9-e1EzbbafmVdPcBTCCOt4KtRvuejsm5oPyU'}
[2025-03-23 20:34:19,664] INFO auth Attempting to decode token with SECRET_KEY: COR...
[2025-03-23 20:34:19,664] INFO auth Token decoded successfully with payload keys: ['id_documento', 'id_usuario', 'id_proceso', 'exp', 'purpose']
[2025-03-23 20:34:19,716] INFO auth JWTAuth.authenticate called with token: eyJhbGciOi...
[2025-03-23 20:34:19,716] INFO auth JWT_SECRET_KEY length: 86
[2025-03-23 20:34:19,716] INFO auth Headers: {'Content-Length': '225', 'Content-Type': 'application/json', 'Host': 'localhost:8000', 'User-Agent': 'python-requests/2.31.0', 'Accept-Encoding': 'gzip, deflate', 'Accept': '*/*', 'Connection': 'keep-alive', 'Authorization': 'Bearer eyJhbGciOiJIUzI1NiIsInR5cCI6IkpXVCJ9.eyJpZF9kb2N1bWVudG8iOjMsImlkX3VzdWFyaW8iOjEsImlkX3Byb2Nlc28iOiJnZW5fM18xNzQyNzgwMDU4IiwiZXhwIjoxNzQyNzgxODU4LCJwdXJwb3NlIjoiZG9jdW1lbnRfZ2VuZXJhdGlvbiJ9.JoBtBuI9-e1EzbbafmVdPcBTCCOt4KtRvuejsm5oPyU'}
[2025-03-23 20:34:19,716] INFO auth Attempting to decode token with SECRET_KEY: COR...
[2025-03-23 20:34:19,717] INFO auth Token decoded successfully with payload keys: ['id_documento', 'id_usuario', 'id_proceso', 'exp', 'purpose']
[2025-03-23 20:34:19,850] INFO auth JWTAuth.authenticate called with token: eyJhbGciOi...
[2025-03-23 20:34:19,850] INFO auth JWT_SECRET_KEY length: 86
[2025-03-23 20:34:19,850] INFO auth Headers: {'Content-Length': '178', 'Content-Type': 'application/json', 'Host': 'localhost:8000', 'User-Agent': 'python-requests/2.31.0', 'Accept-Encoding': 'gzip, deflate', 'Accept': '*/*', 'Connection': 'keep-alive', 'Authorization': 'Bearer eyJhbGciOiJIUzI1NiIsInR5cCI6IkpXVCJ9.eyJpZF9kb2N1bWVudG8iOjMsImlkX3VzdWFyaW8iOjEsImlkX3Byb2Nlc28iOiJnZW5fM18xNzQyNzgwMDU4IiwiZXhwIjoxNzQyNzgxODU4LCJwdXJwb3NlIjoiZG9jdW1lbnRfZ2VuZXJhdGlvbiJ9.JoBtBuI9-e1EzbbafmVdPcBTCCOt4KtRvuejsm5oPyU'}
[2025-03-23 20:34:19,851] INFO auth Attempting to decode token with SECRET_KEY: COR...
[2025-03-23 20:34:19,851] INFO auth Token decoded successfully with payload keys: ['id_documento', 'id_usuario', 'id_proceso', 'exp', 'purpose']
[2025-03-23 20:34:19,997] INFO auth JWTAuth.authenticate called with token: eyJhbGciOi...
[2025-03-23 20:34:19,997] INFO auth JWT_SECRET_KEY length: 86
[2025-03-23 20:34:19,997] INFO auth Headers: {'Content-Length': '297', 'Content-Type': 'application/json', 'Host': 'localhost:8000', 'User-Agent': 'python-requests/2.31.0', 'Accept-Encoding': 'gzip, deflate', 'Accept': '*/*', 'Connection': 'keep-alive', 'Authorization': 'Bearer eyJhbGciOiJIUzI1NiIsInR5cCI6IkpXVCJ9.eyJpZF9kb2N1bWVudG8iOjMsImlkX3VzdWFyaW8iOjEsImlkX3Byb2Nlc28iOiJnZW5fM18xNzQyNzgwMDU4IiwiZXhwIjoxNzQyNzgxODU4LCJwdXJwb3NlIjoiZG9jdW1lbnRfZ2VuZXJhdGlvbiJ9.JoBtBuI9-e1EzbbafmVdPcBTCCOt4KtRvuejsm5oPyU'}
[2025-03-23 20:34:19,998] INFO auth Attempting to decode token with SECRET_KEY: COR...
[2025-03-23 20:34:19,998] INFO auth Token decoded successfully with payload keys: ['id_documento', 'id_usuario', 'id_proceso', 'exp', 'purpose']
[2025-03-23 20:34:20,135] INFO auth JWTAuth.authenticate called with token: eyJhbGciOi...
[2025-03-23 20:34:20,136] INFO auth JWT_SECRET_KEY length: 86
[2025-03-23 20:34:20,136] INFO auth Headers: {'Content-Length': '253', 'Content-Type': 'application/json', 'Host': 'localhost:8000', 'User-Agent': 'python-requests/2.31.0', 'Accept-Encoding': 'gzip, deflate', 'Accept': '*/*', 'Connection': 'keep-alive', 'Authorization': 'Bearer eyJhbGciOiJIUzI1NiIsInR5cCI6IkpXVCJ9.eyJpZF9kb2N1bWVudG8iOjMsImlkX3VzdWFyaW8iOjEsImlkX3Byb2Nlc28iOiJnZW5fM18xNzQyNzgwMDU4IiwiZXhwIjoxNzQyNzgxODU4LCJwdXJwb3NlIjoiZG9jdW1lbnRfZ2VuZXJhdGlvbiJ9.JoBtBuI9-e1EzbbafmVdPcBTCCOt4KtRvuejsm5oPyU'}
[2025-03-23 20:34:20,136] INFO auth Attempting to decode token with SECRET_KEY: COR...
[2025-03-23 20:34:20,136] INFO auth Token decoded successfully with payload keys: ['id_documento', 'id_usuario', 'id_proceso', 'exp', 'purpose']
[2025-03-23 20:34:20,365] INFO auth JWTAuth.authenticate called with token: eyJhbGciOi...
[2025-03-23 20:34:20,365] INFO auth JWT_SECRET_KEY length: 86
[2025-03-23 20:34:20,365] INFO auth Headers: {'Content-Length': '339', 'Content-Type': 'application/json', 'Host': 'localhost:8000', 'User-Agent': 'python-requests/2.31.0', 'Accept-Encoding': 'gzip, deflate', 'Accept': '*/*', 'Connection': 'keep-alive', 'Authorization': 'Bearer eyJhbGciOiJIUzI1NiIsInR5cCI6IkpXVCJ9.eyJpZF9kb2N1bWVudG8iOjMsImlkX3VzdWFyaW8iOjEsImlkX3Byb2Nlc28iOiJnZW5fM18xNzQyNzgwMDU4IiwiZXhwIjoxNzQyNzgxODU4LCJwdXJwb3NlIjoiZG9jdW1lbnRfZ2VuZXJhdGlvbiJ9.JoBtBuI9-e1EzbbafmVdPcBTCCOt4KtRvuejsm5oPyU'}
[2025-03-23 20:34:20,365] INFO auth Attempting to decode token with SECRET_KEY: COR...
[2025-03-23 20:34:20,366] INFO auth Token decoded successfully with payload keys: ['id_documento', 'id_usuario', 'id_proceso', 'exp', 'purpose']
[2025-03-23 20:34:20,721] INFO auth JWTAuth.authenticate called with token: eyJhbGciOi...
[2025-03-23 20:34:20,722] INFO auth JWT_SECRET_KEY length: 86
[2025-03-23 20:34:20,722] INFO auth Headers: {'Content-Length': '344', 'Content-Type': 'application/json', 'Host': 'localhost:8000', 'User-Agent': 'python-requests/2.31.0', 'Accept-Encoding': 'gzip, deflate', 'Accept': '*/*', 'Connection': 'keep-alive', 'Authorization': 'Bearer eyJhbGciOiJIUzI1NiIsInR5cCI6IkpXVCJ9.eyJpZF9kb2N1bWVudG8iOjMsImlkX3VzdWFyaW8iOjEsImlkX3Byb2Nlc28iOiJnZW5fM18xNzQyNzgwMDU4IiwiZXhwIjoxNzQyNzgxODU4LCJwdXJwb3NlIjoiZG9jdW1lbnRfZ2VuZXJhdGlvbiJ9.JoBtBuI9-e1EzbbafmVdPcBTCCOt4KtRvuejsm5oPyU'}
[2025-03-23 20:34:20,722] INFO auth Attempting to decode token with SECRET_KEY: COR...
[2025-03-23 20:34:20,722] INFO auth Token decoded successfully with payload keys: ['id_documento', 'id_usuario', 'id_proceso', 'exp', 'purpose']
[2025-03-23 20:34:20,974] INFO auth JWTAuth.authenticate called with token: eyJhbGciOi...
[2025-03-23 20:34:20,974] INFO auth JWT_SECRET_KEY length: 86
[2025-03-23 20:34:20,974] INFO auth Headers: {'Content-Length': '408', 'Content-Type': 'application/json', 'Host': 'localhost:8000', 'User-Agent': 'python-requests/2.31.0', 'Accept-Encoding': 'gzip, deflate', 'Accept': '*/*', 'Connection': 'keep-alive', 'Authorization': 'Bearer eyJhbGciOiJIUzI1NiIsInR5cCI6IkpXVCJ9.eyJpZF9kb2N1bWVudG8iOjMsImlkX3VzdWFyaW8iOjEsImlkX3Byb2Nlc28iOiJnZW5fM18xNzQyNzgwMDU4IiwiZXhwIjoxNzQyNzgxODU4LCJwdXJwb3NlIjoiZG9jdW1lbnRfZ2VuZXJhdGlvbiJ9.JoBtBuI9-e1EzbbafmVdPcBTCCOt4KtRvuejsm5oPyU'}
[2025-03-23 20:34:20,974] INFO auth Attempting to decode token with SECRET_KEY: COR...
[2025-03-23 20:34:20,975] INFO auth Token decoded successfully with payload keys: ['id_documento', 'id_usuario', 'id_proceso', 'exp', 'purpose']
[2025-03-23 20:34:21,275] INFO auth JWTAuth.authenticate called with token: eyJhbGciOi...
[2025-03-23 20:34:21,276] INFO auth JWT_SECRET_KEY length: 86
[2025-03-23 20:34:21,276] INFO auth Headers: {'Content-Length': '432', 'Content-Type': 'application/json', 'Host': 'localhost:8000', 'User-Agent': 'python-requests/2.31.0', 'Accept-Encoding': 'gzip, deflate', 'Accept': '*/*', 'Connection': 'keep-alive', 'Authorization': 'Bearer eyJhbGciOiJIUzI1NiIsInR5cCI6IkpXVCJ9.eyJpZF9kb2N1bWVudG8iOjMsImlkX3VzdWFyaW8iOjEsImlkX3Byb2Nlc28iOiJnZW5fM18xNzQyNzgwMDU4IiwiZXhwIjoxNzQyNzgxODU4LCJwdXJwb3NlIjoiZG9jdW1lbnRfZ2VuZXJhdGlvbiJ9.JoBtBuI9-e1EzbbafmVdPcBTCCOt4KtRvuejsm5oPyU'}
[2025-03-23 20:34:21,276] INFO auth Attempting to decode token with SECRET_KEY: COR...
[2025-03-23 20:34:21,277] INFO auth Token decoded successfully with payload keys: ['id_documento', 'id_usuario', 'id_proceso', 'exp', 'purpose']
[2025-03-23 20:34:21,586] INFO auth JWTAuth.authenticate called with token: eyJhbGciOi...
[2025-03-23 20:34:21,586] INFO auth JWT_SECRET_KEY length: 86
[2025-03-23 20:34:21,587] INFO auth Headers: {'Content-Length': '395', 'Content-Type': 'application/json', 'Host': 'localhost:8000', 'User-Agent': 'python-requests/2.31.0', 'Accept-Encoding': 'gzip, deflate', 'Accept': '*/*', 'Connection': 'keep-alive', 'Authorization': 'Bearer eyJhbGciOiJIUzI1NiIsInR5cCI6IkpXVCJ9.eyJpZF9kb2N1bWVudG8iOjMsImlkX3VzdWFyaW8iOjEsImlkX3Byb2Nlc28iOiJnZW5fM18xNzQyNzgwMDU4IiwiZXhwIjoxNzQyNzgxODU4LCJwdXJwb3NlIjoiZG9jdW1lbnRfZ2VuZXJhdGlvbiJ9.JoBtBuI9-e1EzbbafmVdPcBTCCOt4KtRvuejsm5oPyU'}
[2025-03-23 20:34:21,587] INFO auth Attempting to decode token with SECRET_KEY: COR...
[2025-03-23 20:34:21,587] INFO auth Token decoded successfully with payload keys: ['id_documento', 'id_usuario', 'id_proceso', 'exp', 'purpose']
[2025-03-23 20:34:21,736] INFO auth JWTAuth.authenticate called with token: eyJhbGciOi...
[2025-03-23 20:34:21,736] INFO auth JWT_SECRET_KEY length: 86
[2025-03-23 20:34:21,736] INFO auth Headers: {'Content-Length': '293', 'Content-Type': 'application/json', 'Host': 'localhost:8000', 'User-Agent': 'python-requests/2.31.0', 'Accept-Encoding': 'gzip, deflate', 'Accept': '*/*', 'Connection': 'keep-alive', 'Authorization': 'Bearer eyJhbGciOiJIUzI1NiIsInR5cCI6IkpXVCJ9.eyJpZF9kb2N1bWVudG8iOjMsImlkX3VzdWFyaW8iOjEsImlkX3Byb2Nlc28iOiJnZW5fM18xNzQyNzgwMDU4IiwiZXhwIjoxNzQyNzgxODU4LCJwdXJwb3NlIjoiZG9jdW1lbnRfZ2VuZXJhdGlvbiJ9.JoBtBuI9-e1EzbbafmVdPcBTCCOt4KtRvuejsm5oPyU'}
[2025-03-23 20:34:21,736] INFO auth Attempting to decode token with SECRET_KEY: COR...
[2025-03-23 20:34:21,737] INFO auth Token decoded successfully with payload keys: ['id_documento', 'id_usuario', 'id_proceso', 'exp', 'purpose']
[2025-03-23 20:34:21,762] INFO auth JWTAuth.authenticate called with token: eyJhbGciOi...
[2025-03-23 20:34:21,762] INFO auth JWT_SECRET_KEY length: 86
[2025-03-23 20:34:21,762] INFO auth Headers: {'Content-Length': '2201', 'Content-Type': 'application/json', 'Host': 'localhost:8000', 'User-Agent': 'python-requests/2.31.0', 'Accept-Encoding': 'gzip, deflate', 'Accept': '*/*', 'Connection': 'keep-alive', 'Authorization': 'Bearer eyJhbGciOiJIUzI1NiIsInR5cCI6IkpXVCJ9.eyJpZF9kb2N1bWVudG8iOjMsImlkX3VzdWFyaW8iOjEsImlkX3Byb2Nlc28iOiJnZW5fM18xNzQyNzgwMDU4IiwiZXhwIjoxNzQyNzgxODU4LCJwdXJwb3NlIjoiZG9jdW1lbnRfZ2VuZXJhdGlvbiJ9.JoBtBuI9-e1EzbbafmVdPcBTCCOt4KtRvuejsm5oPyU'}
[2025-03-23 20:34:21,762] INFO auth Attempting to decode token with SECRET_KEY: COR...
[2025-03-23 20:34:21,763] INFO auth Token decoded successfully with payload keys: ['id_documento', 'id_usuario', 'id_proceso', 'exp', 'purpose']
[2025-03-23 20:34:21,780] INFO ai Successfully initiated document generation for job gen_3_1742780058
[2025-03-23 20:35:28,502] INFO ai Preparing document generation request - Content sizes: context=0, transcription=7357, template=1785
[2025-03-23 20:35:28,502] INFO ai Making validation request to cloud function
[2025-03-23 20:35:28,507] INFO ai Cloud function validation successful, proceeding with generation
[2025-03-23 20:35:29,638] INFO auth JWTAuth.authenticate called with token: eyJhbGciOi...
[2025-03-23 20:35:29,639] INFO auth JWT_SECRET_KEY length: 86
[2025-03-23 20:35:29,639] INFO auth Headers: {'Content-Length': '108', 'Content-Type': 'application/json', 'Host': 'localhost:8000', 'User-Agent': 'python-requests/2.31.0', 'Accept-Encoding': 'gzip, deflate', 'Accept': '*/*', 'Connection': 'keep-alive', 'Authorization': 'Bearer eyJhbGciOiJIUzI1NiIsInR5cCI6IkpXVCJ9.eyJpZF9kb2N1bWVudG8iOjMsImlkX3VzdWFyaW8iOjEsImlkX3Byb2Nlc28iOiJnZW5fM18xNzQyNzgwMTI4IiwiZXhwIjoxNzQyNzgxOTI4LCJwdXJwb3NlIjoiZG9jdW1lbnRfZ2VuZXJhdGlvbiJ9.1vXMv05Xa_JEtz-0xwYHkeeekbmUt3XoIrf65Bz9KaY'}
[2025-03-23 20:35:29,639] INFO auth Attempting to decode token with SECRET_KEY: COR...
[2025-03-23 20:35:29,639] INFO auth Token decoded successfully with payload keys: ['id_documento', 'id_usuario', 'id_proceso', 'exp', 'purpose']
[2025-03-23 20:35:29,716] INFO auth JWTAuth.authenticate called with token: eyJhbGciOi...
[2025-03-23 20:35:29,716] INFO auth JWT_SECRET_KEY length: 86
[2025-03-23 20:35:29,716] INFO auth Headers: {'Content-Length': '225', 'Content-Type': 'application/json', 'Host': 'localhost:8000', 'User-Agent': 'python-requests/2.31.0', 'Accept-Encoding': 'gzip, deflate', 'Accept': '*/*', 'Connection': 'keep-alive', 'Authorization': 'Bearer eyJhbGciOiJIUzI1NiIsInR5cCI6IkpXVCJ9.eyJpZF9kb2N1bWVudG8iOjMsImlkX3VzdWFyaW8iOjEsImlkX3Byb2Nlc28iOiJnZW5fM18xNzQyNzgwMTI4IiwiZXhwIjoxNzQyNzgxOTI4LCJwdXJwb3NlIjoiZG9jdW1lbnRfZ2VuZXJhdGlvbiJ9.1vXMv05Xa_JEtz-0xwYHkeeekbmUt3XoIrf65Bz9KaY'}
[2025-03-23 20:35:29,716] INFO auth Attempting to decode token with SECRET_KEY: COR...
[2025-03-23 20:35:29,716] INFO auth Token decoded successfully with payload keys: ['id_documento', 'id_usuario', 'id_proceso', 'exp', 'purpose']
[2025-03-23 20:35:29,785] INFO auth JWTAuth.authenticate called with token: eyJhbGciOi...
[2025-03-23 20:35:29,786] INFO auth JWT_SECRET_KEY length: 86
[2025-03-23 20:35:29,786] INFO auth Headers: {'Content-Length': '182', 'Content-Type': 'application/json', 'Host': 'localhost:8000', 'User-Agent': 'python-requests/2.31.0', 'Accept-Encoding': 'gzip, deflate', 'Accept': '*/*', 'Connection': 'keep-alive', 'Authorization': 'Bearer eyJhbGciOiJIUzI1NiIsInR5cCI6IkpXVCJ9.eyJpZF9kb2N1bWVudG8iOjMsImlkX3VzdWFyaW8iOjEsImlkX3Byb2Nlc28iOiJnZW5fM18xNzQyNzgwMTI4IiwiZXhwIjoxNzQyNzgxOTI4LCJwdXJwb3NlIjoiZG9jdW1lbnRfZ2VuZXJhdGlvbiJ9.1vXMv05Xa_JEtz-0xwYHkeeekbmUt3XoIrf65Bz9KaY'}
[2025-03-23 20:35:29,786] INFO auth Attempting to decode token with SECRET_KEY: COR...
[2025-03-23 20:35:29,786] INFO auth Token decoded successfully with payload keys: ['id_documento', 'id_usuario', 'id_proceso', 'exp', 'purpose']
[2025-03-23 20:35:29,935] INFO auth JWTAuth.authenticate called with token: eyJhbGciOi...
[2025-03-23 20:35:29,935] INFO auth JWT_SECRET_KEY length: 86
[2025-03-23 20:35:29,936] INFO auth Headers: {'Content-Length': '298', 'Content-Type': 'application/json', 'Host': 'localhost:8000', 'User-Agent': 'python-requests/2.31.0', 'Accept-Encoding': 'gzip, deflate', 'Accept': '*/*', 'Connection': 'keep-alive', 'Authorization': 'Bearer eyJhbGciOiJIUzI1NiIsInR5cCI6IkpXVCJ9.eyJpZF9kb2N1bWVudG8iOjMsImlkX3VzdWFyaW8iOjEsImlkX3Byb2Nlc28iOiJnZW5fM18xNzQyNzgwMTI4IiwiZXhwIjoxNzQyNzgxOTI4LCJwdXJwb3NlIjoiZG9jdW1lbnRfZ2VuZXJhdGlvbiJ9.1vXMv05Xa_JEtz-0xwYHkeeekbmUt3XoIrf65Bz9KaY'}
[2025-03-23 20:35:29,936] INFO auth Attempting to decode token with SECRET_KEY: COR...
[2025-03-23 20:35:29,936] INFO auth Token decoded successfully with payload keys: ['id_documento', 'id_usuario', 'id_proceso', 'exp', 'purpose']
[2025-03-23 20:35:30,061] INFO auth JWTAuth.authenticate called with token: eyJhbGciOi...
[2025-03-23 20:35:30,061] INFO auth JWT_SECRET_KEY length: 86
[2025-03-23 20:35:30,061] INFO auth Headers: {'Content-Length': '253', 'Content-Type': 'application/json', 'Host': 'localhost:8000', 'User-Agent': 'python-requests/2.31.0', 'Accept-Encoding': 'gzip, deflate', 'Accept': '*/*', 'Connection': 'keep-alive', 'Authorization': 'Bearer eyJhbGciOiJIUzI1NiIsInR5cCI6IkpXVCJ9.eyJpZF9kb2N1bWVudG8iOjMsImlkX3VzdWFyaW8iOjEsImlkX3Byb2Nlc28iOiJnZW5fM18xNzQyNzgwMTI4IiwiZXhwIjoxNzQyNzgxOTI4LCJwdXJwb3NlIjoiZG9jdW1lbnRfZ2VuZXJhdGlvbiJ9.1vXMv05Xa_JEtz-0xwYHkeeekbmUt3XoIrf65Bz9KaY'}
[2025-03-23 20:35:30,062] INFO auth Attempting to decode token with SECRET_KEY: COR...
[2025-03-23 20:35:30,062] INFO auth Token decoded successfully with payload keys: ['id_documento', 'id_usuario', 'id_proceso', 'exp', 'purpose']
[2025-03-23 20:35:30,305] INFO auth JWTAuth.authenticate called with token: eyJhbGciOi...
[2025-03-23 20:35:30,305] INFO auth JWT_SECRET_KEY length: 86
[2025-03-23 20:35:30,305] INFO auth Headers: {'Content-Length': '333', 'Content-Type': 'application/json', 'Host': 'localhost:8000', 'User-Agent': 'python-requests/2.31.0', 'Accept-Encoding': 'gzip, deflate', 'Accept': '*/*', 'Connection': 'keep-alive', 'Authorization': 'Bearer eyJhbGciOiJIUzI1NiIsInR5cCI6IkpXVCJ9.eyJpZF9kb2N1bWVudG8iOjMsImlkX3VzdWFyaW8iOjEsImlkX3Byb2Nlc28iOiJnZW5fM18xNzQyNzgwMTI4IiwiZXhwIjoxNzQyNzgxOTI4LCJwdXJwb3NlIjoiZG9jdW1lbnRfZ2VuZXJhdGlvbiJ9.1vXMv05Xa_JEtz-0xwYHkeeekbmUt3XoIrf65Bz9KaY'}
[2025-03-23 20:35:30,306] INFO auth Attempting to decode token with SECRET_KEY: COR...
[2025-03-23 20:35:30,306] INFO auth Token decoded successfully with payload keys: ['id_documento', 'id_usuario', 'id_proceso', 'exp', 'purpose']
[2025-03-23 20:35:30,574] INFO auth JWTAuth.authenticate called with token: eyJhbGciOi...
[2025-03-23 20:35:30,574] INFO auth JWT_SECRET_KEY length: 86
[2025-03-23 20:35:30,574] INFO auth Headers: {'Content-Length': '337', 'Content-Type': 'application/json', 'Host': 'localhost:8000', 'User-Agent': 'python-requests/2.31.0', 'Accept-Encoding': 'gzip, deflate', 'Accept': '*/*', 'Connection': 'keep-alive', 'Authorization': 'Bearer eyJhbGciOiJIUzI1NiIsInR5cCI6IkpXVCJ9.eyJpZF9kb2N1bWVudG8iOjMsImlkX3VzdWFyaW8iOjEsImlkX3Byb2Nlc28iOiJnZW5fM18xNzQyNzgwMTI4IiwiZXhwIjoxNzQyNzgxOTI4LCJwdXJwb3NlIjoiZG9jdW1lbnRfZ2VuZXJhdGlvbiJ9.1vXMv05Xa_JEtz-0xwYHkeeekbmUt3XoIrf65Bz9KaY'}
[2025-03-23 20:35:30,574] INFO auth Attempting to decode token with SECRET_KEY: COR...
[2025-03-23 20:35:30,575] INFO auth Token decoded successfully with payload keys: ['id_documento', 'id_usuario', 'id_proceso', 'exp', 'purpose']
[2025-03-23 20:35:30,869] INFO auth JWTAuth.authenticate called with token: eyJhbGciOi...
[2025-03-23 20:35:30,869] INFO auth JWT_SECRET_KEY length: 86
[2025-03-23 20:35:30,870] INFO auth Headers: {'Content-Length': '420', 'Content-Type': 'application/json', 'Host': 'localhost:8000', 'User-Agent': 'python-requests/2.31.0', 'Accept-Encoding': 'gzip, deflate', 'Accept': '*/*', 'Connection': 'keep-alive', 'Authorization': 'Bearer eyJhbGciOiJIUzI1NiIsInR5cCI6IkpXVCJ9.eyJpZF9kb2N1bWVudG8iOjMsImlkX3VzdWFyaW8iOjEsImlkX3Byb2Nlc28iOiJnZW5fM18xNzQyNzgwMTI4IiwiZXhwIjoxNzQyNzgxOTI4LCJwdXJwb3NlIjoiZG9jdW1lbnRfZ2VuZXJhdGlvbiJ9.1vXMv05Xa_JEtz-0xwYHkeeekbmUt3XoIrf65Bz9KaY'}
[2025-03-23 20:35:30,870] INFO auth Attempting to decode token with SECRET_KEY: COR...
[2025-03-23 20:35:30,870] INFO auth Token decoded successfully with payload keys: ['id_documento', 'id_usuario', 'id_proceso', 'exp', 'purpose']
[2025-03-23 20:35:31,225] INFO auth JWTAuth.authenticate called with token: eyJhbGciOi...
[2025-03-23 20:35:31,225] INFO auth JWT_SECRET_KEY length: 86
[2025-03-23 20:35:31,225] INFO auth Headers: {'Content-Length': '400', 'Content-Type': 'application/json', 'Host': 'localhost:8000', 'User-Agent': 'python-requests/2.31.0', 'Accept-Encoding': 'gzip, deflate', 'Accept': '*/*', 'Connection': 'keep-alive', 'Authorization': 'Bearer eyJhbGciOiJIUzI1NiIsInR5cCI6IkpXVCJ9.eyJpZF9kb2N1bWVudG8iOjMsImlkX3VzdWFyaW8iOjEsImlkX3Byb2Nlc28iOiJnZW5fM18xNzQyNzgwMTI4IiwiZXhwIjoxNzQyNzgxOTI4LCJwdXJwb3NlIjoiZG9jdW1lbnRfZ2VuZXJhdGlvbiJ9.1vXMv05Xa_JEtz-0xwYHkeeekbmUt3XoIrf65Bz9KaY'}
[2025-03-23 20:35:31,225] INFO auth Attempting to decode token with SECRET_KEY: COR...
[2025-03-23 20:35:31,226] INFO auth Token decoded successfully with payload keys: ['id_documento', 'id_usuario', 'id_proceso', 'exp', 'purpose']
[2025-03-23 20:35:31,589] INFO auth JWTAuth.authenticate called with token: eyJhbGciOi...
[2025-03-23 20:35:31,589] INFO auth JWT_SECRET_KEY length: 86
[2025-03-23 20:35:31,589] INFO auth Headers: {'Content-Length': '435', 'Content-Type': 'application/json', 'Host': 'localhost:8000', 'User-Agent': 'python-requests/2.31.0', 'Accept-Encoding': 'gzip, deflate', 'Accept': '*/*', 'Connection': 'keep-alive', 'Authorization': 'Bearer eyJhbGciOiJIUzI1NiIsInR5cCI6IkpXVCJ9.eyJpZF9kb2N1bWVudG8iOjMsImlkX3VzdWFyaW8iOjEsImlkX3Byb2Nlc28iOiJnZW5fM18xNzQyNzgwMTI4IiwiZXhwIjoxNzQyNzgxOTI4LCJwdXJwb3NlIjoiZG9jdW1lbnRfZ2VuZXJhdGlvbiJ9.1vXMv05Xa_JEtz-0xwYHkeeekbmUt3XoIrf65Bz9KaY'}
[2025-03-23 20:35:31,589] INFO auth Attempting to decode token with SECRET_KEY: COR...
[2025-03-23 20:35:31,590] INFO auth Token decoded successfully with payload keys: ['id_documento', 'id_usuario', 'id_proceso', 'exp', 'purpose']
[2025-03-23 20:35:31,623] INFO auth JWTAuth.authenticate called with token: eyJhbGciOi...
[2025-03-23 20:35:31,624] INFO auth JWT_SECRET_KEY length: 86
[2025-03-23 20:35:31,624] INFO auth Headers: {'Content-Length': '109', 'Content-Type': 'application/json', 'Host': 'localhost:8000', 'User-Agent': 'python-requests/2.31.0', 'Accept-Encoding': 'gzip, deflate', 'Accept': '*/*', 'Connection': 'keep-alive', 'Authorization': 'Bearer eyJhbGciOiJIUzI1NiIsInR5cCI6IkpXVCJ9.eyJpZF9kb2N1bWVudG8iOjMsImlkX3VzdWFyaW8iOjEsImlkX3Byb2Nlc28iOiJnZW5fM18xNzQyNzgwMTI4IiwiZXhwIjoxNzQyNzgxOTI4LCJwdXJwb3NlIjoiZG9jdW1lbnRfZ2VuZXJhdGlvbiJ9.1vXMv05Xa_JEtz-0xwYHkeeekbmUt3XoIrf65Bz9KaY'}
[2025-03-23 20:35:31,624] INFO auth Attempting to decode token with SECRET_KEY: COR...
[2025-03-23 20:35:31,624] INFO auth Token decoded successfully with payload keys: ['id_documento', 'id_usuario', 'id_proceso', 'exp', 'purpose']
[2025-03-23 20:35:31,652] INFO auth JWTAuth.authenticate called with token: eyJhbGciOi...
[2025-03-23 20:35:31,652] INFO auth JWT_SECRET_KEY length: 86
[2025-03-23 20:35:31,652] INFO auth Headers: {'Content-Length': '2029', 'Content-Type': 'application/json', 'Host': 'localhost:8000', 'User-Agent': 'python-requests/2.31.0', 'Accept-Encoding': 'gzip, deflate', 'Accept': '*/*', 'Connection': 'keep-alive', 'Authorization': 'Bearer eyJhbGciOiJIUzI1NiIsInR5cCI6IkpXVCJ9.eyJpZF9kb2N1bWVudG8iOjMsImlkX3VzdWFyaW8iOjEsImlkX3Byb2Nlc28iOiJnZW5fM18xNzQyNzgwMTI4IiwiZXhwIjoxNzQyNzgxOTI4LCJwdXJwb3NlIjoiZG9jdW1lbnRfZ2VuZXJhdGlvbiJ9.1vXMv05Xa_JEtz-0xwYHkeeekbmUt3XoIrf65Bz9KaY'}
[2025-03-23 20:35:31,652] INFO auth Attempting to decode token with SECRET_KEY: COR...
[2025-03-23 20:35:31,652] INFO auth Token decoded successfully with payload keys: ['id_documento', 'id_usuario', 'id_proceso', 'exp', 'purpose']
[2025-03-23 20:35:31,665] INFO ai Successfully initiated document generation for job gen_3_1742780128
[2025-03-23 20:38:05,407] INFO api Login attempt for email: prueba12@hotmail.com
[2025-03-23 20:38:05,632] INFO api User logged in successfully: 1
[2025-03-23 20:38:14,294] INFO ai Preparing document generation request - Content sizes: context=0, transcription=7357, template=1785
[2025-03-23 20:38:14,294] INFO ai Making validation request to cloud function
[2025-03-23 20:38:14,299] INFO ai Cloud function validation successful, proceeding with generation
[2025-03-23 20:38:15,402] INFO auth JWTAuth.authenticate called with token: eyJhbGciOi...
[2025-03-23 20:38:15,403] INFO auth JWT_SECRET_KEY length: 86
[2025-03-23 20:38:15,403] INFO auth Headers: {'Content-Length': '110', 'Content-Type': 'application/json', 'Host': 'localhost:8000', 'User-Agent': 'python-requests/2.31.0', 'Accept-Encoding': 'gzip, deflate', 'Accept': '*/*', 'Connection': 'keep-alive', 'Authorization': 'Bearer eyJhbGciOiJIUzI1NiIsInR5cCI6IkpXVCJ9.eyJpZF9kb2N1bWVudG8iOjMsImlkX3VzdWFyaW8iOjEsImlkX3Byb2Nlc28iOiJnZW5fM18xNzQyNzgwMjk0IiwiZXhwIjoxNzQyNzgyMDk0LCJwdXJwb3NlIjoiZG9jdW1lbnRfZ2VuZXJhdGlvbiJ9.0muLBDq-Tc18nxMsGNtgK2FDBMlhlI0cTU2CCyvW8Y8'}
[2025-03-23 20:38:15,403] INFO auth Attempting to decode token with SECRET_KEY: COR...
[2025-03-23 20:38:15,404] INFO auth Token decoded successfully with payload keys: ['id_documento', 'id_usuario', 'id_proceso', 'exp', 'purpose']
[2025-03-23 20:38:15,443] INFO auth JWTAuth.authenticate called with token: eyJhbGciOi...
[2025-03-23 20:38:15,443] INFO auth JWT_SECRET_KEY length: 86
[2025-03-23 20:38:15,443] INFO auth Headers: {'Content-Length': '193', 'Content-Type': 'application/json', 'Host': 'localhost:8000', 'User-Agent': 'python-requests/2.31.0', 'Accept-Encoding': 'gzip, deflate', 'Accept': '*/*', 'Connection': 'keep-alive', 'Authorization': 'Bearer eyJhbGciOiJIUzI1NiIsInR5cCI6IkpXVCJ9.eyJpZF9kb2N1bWVudG8iOjMsImlkX3VzdWFyaW8iOjEsImlkX3Byb2Nlc28iOiJnZW5fM18xNzQyNzgwMjk0IiwiZXhwIjoxNzQyNzgyMDk0LCJwdXJwb3NlIjoiZG9jdW1lbnRfZ2VuZXJhdGlvbiJ9.0muLBDq-Tc18nxMsGNtgK2FDBMlhlI0cTU2CCyvW8Y8'}
[2025-03-23 20:38:15,443] INFO auth Attempting to decode token with SECRET_KEY: COR...
[2025-03-23 20:38:15,443] INFO auth Token decoded successfully with payload keys: ['id_documento', 'id_usuario', 'id_proceso', 'exp', 'purpose']
[2025-03-23 20:38:15,497] INFO auth JWTAuth.authenticate called with token: eyJhbGciOi...
[2025-03-23 20:38:15,497] INFO auth JWT_SECRET_KEY length: 86
[2025-03-23 20:38:15,497] INFO auth Headers: {'Content-Length': '190', 'Content-Type': 'application/json', 'Host': 'localhost:8000', 'User-Agent': 'python-requests/2.31.0', 'Accept-Encoding': 'gzip, deflate', 'Accept': '*/*', 'Connection': 'keep-alive', 'Authorization': 'Bearer eyJhbGciOiJIUzI1NiIsInR5cCI6IkpXVCJ9.eyJpZF9kb2N1bWVudG8iOjMsImlkX3VzdWFyaW8iOjEsImlkX3Byb2Nlc28iOiJnZW5fM18xNzQyNzgwMjk0IiwiZXhwIjoxNzQyNzgyMDk0LCJwdXJwb3NlIjoiZG9jdW1lbnRfZ2VuZXJhdGlvbiJ9.0muLBDq-Tc18nxMsGNtgK2FDBMlhlI0cTU2CCyvW8Y8'}
[2025-03-23 20:38:15,498] INFO auth Attempting to decode token with SECRET_KEY: COR...
[2025-03-23 20:38:15,498] INFO auth Token decoded successfully with payload keys: ['id_documento', 'id_usuario', 'id_proceso', 'exp', 'purpose']
[2025-03-23 20:38:15,633] INFO auth JWTAuth.authenticate called with token: eyJhbGciOi...
[2025-03-23 20:38:15,633] INFO auth JWT_SECRET_KEY length: 86
[2025-03-23 20:38:15,633] INFO auth Headers: {'Content-Length': '282', 'Content-Type': 'application/json', 'Host': 'localhost:8000', 'User-Agent': 'python-requests/2.31.0', 'Accept-Encoding': 'gzip, deflate', 'Accept': '*/*', 'Connection': 'keep-alive', 'Authorization': 'Bearer eyJhbGciOiJIUzI1NiIsInR5cCI6IkpXVCJ9.eyJpZF9kb2N1bWVudG8iOjMsImlkX3VzdWFyaW8iOjEsImlkX3Byb2Nlc28iOiJnZW5fM18xNzQyNzgwMjk0IiwiZXhwIjoxNzQyNzgyMDk0LCJwdXJwb3NlIjoiZG9jdW1lbnRfZ2VuZXJhdGlvbiJ9.0muLBDq-Tc18nxMsGNtgK2FDBMlhlI0cTU2CCyvW8Y8'}
[2025-03-23 20:38:15,633] INFO auth Attempting to decode token with SECRET_KEY: COR...
[2025-03-23 20:38:15,634] INFO auth Token decoded successfully with payload keys: ['id_documento', 'id_usuario', 'id_proceso', 'exp', 'purpose']
[2025-03-23 20:38:15,807] INFO auth JWTAuth.authenticate called with token: eyJhbGciOi...
[2025-03-23 20:38:15,807] INFO auth JWT_SECRET_KEY length: 86
[2025-03-23 20:38:15,807] INFO auth Headers: {'Content-Length': '258', 'Content-Type': 'application/json', 'Host': 'localhost:8000', 'User-Agent': 'python-requests/2.31.0', 'Accept-Encoding': 'gzip, deflate', 'Accept': '*/*', 'Connection': 'keep-alive', 'Authorization': 'Bearer eyJhbGciOiJIUzI1NiIsInR5cCI6IkpXVCJ9.eyJpZF9kb2N1bWVudG8iOjMsImlkX3VzdWFyaW8iOjEsImlkX3Byb2Nlc28iOiJnZW5fM18xNzQyNzgwMjk0IiwiZXhwIjoxNzQyNzgyMDk0LCJwdXJwb3NlIjoiZG9jdW1lbnRfZ2VuZXJhdGlvbiJ9.0muLBDq-Tc18nxMsGNtgK2FDBMlhlI0cTU2CCyvW8Y8'}
[2025-03-23 20:38:15,807] INFO auth Attempting to decode token with SECRET_KEY: COR...
[2025-03-23 20:38:15,808] INFO auth Token decoded successfully with payload keys: ['id_documento', 'id_usuario', 'id_proceso', 'exp', 'purpose']
[2025-03-23 20:38:16,004] INFO auth JWTAuth.authenticate called with token: eyJhbGciOi...
[2025-03-23 20:38:16,005] INFO auth JWT_SECRET_KEY length: 86
[2025-03-23 20:38:16,005] INFO auth Headers: {'Content-Length': '351', 'Content-Type': 'application/json', 'Host': 'localhost:8000', 'User-Agent': 'python-requests/2.31.0', 'Accept-Encoding': 'gzip, deflate', 'Accept': '*/*', 'Connection': 'keep-alive', 'Authorization': 'Bearer eyJhbGciOiJIUzI1NiIsInR5cCI6IkpXVCJ9.eyJpZF9kb2N1bWVudG8iOjMsImlkX3VzdWFyaW8iOjEsImlkX3Byb2Nlc28iOiJnZW5fM18xNzQyNzgwMjk0IiwiZXhwIjoxNzQyNzgyMDk0LCJwdXJwb3NlIjoiZG9jdW1lbnRfZ2VuZXJhdGlvbiJ9.0muLBDq-Tc18nxMsGNtgK2FDBMlhlI0cTU2CCyvW8Y8'}
[2025-03-23 20:38:16,005] INFO auth Attempting to decode token with SECRET_KEY: COR...
[2025-03-23 20:38:16,005] INFO auth Token decoded successfully with payload keys: ['id_documento', 'id_usuario', 'id_proceso', 'exp', 'purpose']
[2025-03-23 20:38:16,230] INFO auth JWTAuth.authenticate called with token: eyJhbGciOi...
[2025-03-23 20:38:16,231] INFO auth JWT_SECRET_KEY length: 86
[2025-03-23 20:38:16,231] INFO auth Headers: {'Content-Length': '343', 'Content-Type': 'application/json', 'Host': 'localhost:8000', 'User-Agent': 'python-requests/2.31.0', 'Accept-Encoding': 'gzip, deflate', 'Accept': '*/*', 'Connection': 'keep-alive', 'Authorization': 'Bearer eyJhbGciOiJIUzI1NiIsInR5cCI6IkpXVCJ9.eyJpZF9kb2N1bWVudG8iOjMsImlkX3VzdWFyaW8iOjEsImlkX3Byb2Nlc28iOiJnZW5fM18xNzQyNzgwMjk0IiwiZXhwIjoxNzQyNzgyMDk0LCJwdXJwb3NlIjoiZG9jdW1lbnRfZ2VuZXJhdGlvbiJ9.0muLBDq-Tc18nxMsGNtgK2FDBMlhlI0cTU2CCyvW8Y8'}
[2025-03-23 20:38:16,231] INFO auth Attempting to decode token with SECRET_KEY: COR...
[2025-03-23 20:38:16,231] INFO auth Token decoded successfully with payload keys: ['id_documento', 'id_usuario', 'id_proceso', 'exp', 'purpose']
[2025-03-23 20:38:16,525] INFO auth JWTAuth.authenticate called with token: eyJhbGciOi...
[2025-03-23 20:38:16,526] INFO auth JWT_SECRET_KEY length: 86
[2025-03-23 20:38:16,527] INFO auth Headers: {'Content-Length': '407', 'Content-Type': 'application/json', 'Host': 'localhost:8000', 'User-Agent': 'python-requests/2.31.0', 'Accept-Encoding': 'gzip, deflate', 'Accept': '*/*', 'Connection': 'keep-alive', 'Authorization': 'Bearer eyJhbGciOiJIUzI1NiIsInR5cCI6IkpXVCJ9.eyJpZF9kb2N1bWVudG8iOjMsImlkX3VzdWFyaW8iOjEsImlkX3Byb2Nlc28iOiJnZW5fM18xNzQyNzgwMjk0IiwiZXhwIjoxNzQyNzgyMDk0LCJwdXJwb3NlIjoiZG9jdW1lbnRfZ2VuZXJhdGlvbiJ9.0muLBDq-Tc18nxMsGNtgK2FDBMlhlI0cTU2CCyvW8Y8'}
[2025-03-23 20:38:16,528] INFO auth Attempting to decode token with SECRET_KEY: COR...
[2025-03-23 20:38:16,529] INFO auth Token decoded successfully with payload keys: ['id_documento', 'id_usuario', 'id_proceso', 'exp', 'purpose']
[2025-03-23 20:38:16,906] INFO auth JWTAuth.authenticate called with token: eyJhbGciOi...
[2025-03-23 20:38:16,906] INFO auth JWT_SECRET_KEY length: 86
[2025-03-23 20:38:16,906] INFO auth Headers: {'Content-Length': '411', 'Content-Type': 'application/json', 'Host': 'localhost:8000', 'User-Agent': 'python-requests/2.31.0', 'Accept-Encoding': 'gzip, deflate', 'Accept': '*/*', 'Connection': 'keep-alive', 'Authorization': 'Bearer eyJhbGciOiJIUzI1NiIsInR5cCI6IkpXVCJ9.eyJpZF9kb2N1bWVudG8iOjMsImlkX3VzdWFyaW8iOjEsImlkX3Byb2Nlc28iOiJnZW5fM18xNzQyNzgwMjk0IiwiZXhwIjoxNzQyNzgyMDk0LCJwdXJwb3NlIjoiZG9jdW1lbnRfZ2VuZXJhdGlvbiJ9.0muLBDq-Tc18nxMsGNtgK2FDBMlhlI0cTU2CCyvW8Y8'}
[2025-03-23 20:38:16,906] INFO auth Attempting to decode token with SECRET_KEY: COR...
[2025-03-23 20:38:16,906] INFO auth Token decoded successfully with payload keys: ['id_documento', 'id_usuario', 'id_proceso', 'exp', 'purpose']
[2025-03-23 20:38:17,263] INFO auth JWTAuth.authenticate called with token: eyJhbGciOi...
[2025-03-23 20:38:17,264] INFO auth JWT_SECRET_KEY length: 86
[2025-03-23 20:38:17,264] INFO auth Headers: {'Content-Length': '393', 'Content-Type': 'application/json', 'Host': 'localhost:8000', 'User-Agent': 'python-requests/2.31.0', 'Accept-Encoding': 'gzip, deflate', 'Accept': '*/*', 'Connection': 'keep-alive', 'Authorization': 'Bearer eyJhbGciOiJIUzI1NiIsInR5cCI6IkpXVCJ9.eyJpZF9kb2N1bWVudG8iOjMsImlkX3VzdWFyaW8iOjEsImlkX3Byb2Nlc28iOiJnZW5fM18xNzQyNzgwMjk0IiwiZXhwIjoxNzQyNzgyMDk0LCJwdXJwb3NlIjoiZG9jdW1lbnRfZ2VuZXJhdGlvbiJ9.0muLBDq-Tc18nxMsGNtgK2FDBMlhlI0cTU2CCyvW8Y8'}
[2025-03-23 20:38:17,264] INFO auth Attempting to decode token with SECRET_KEY: COR...
[2025-03-23 20:38:17,264] INFO auth Token decoded successfully with payload keys: ['id_documento', 'id_usuario', 'id_proceso', 'exp', 'purpose']
[2025-03-23 20:38:17,463] INFO auth JWTAuth.authenticate called with token: eyJhbGciOi...
[2025-03-23 20:38:17,463] INFO auth JWT_SECRET_KEY length: 86
[2025-03-23 20:38:17,464] INFO auth Headers: {'Content-Length': '375', 'Content-Type': 'application/json', 'Host': 'localhost:8000', 'User-Agent': 'python-requests/2.31.0', 'Accept-Encoding': 'gzip, deflate', 'Accept': '*/*', 'Connection': 'keep-alive', 'Authorization': 'Bearer eyJhbGciOiJIUzI1NiIsInR5cCI6IkpXVCJ9.eyJpZF9kb2N1bWVudG8iOjMsImlkX3VzdWFyaW8iOjEsImlkX3Byb2Nlc28iOiJnZW5fM18xNzQyNzgwMjk0IiwiZXhwIjoxNzQyNzgyMDk0LCJwdXJwb3NlIjoiZG9jdW1lbnRfZ2VuZXJhdGlvbiJ9.0muLBDq-Tc18nxMsGNtgK2FDBMlhlI0cTU2CCyvW8Y8'}
[2025-03-23 20:38:17,464] INFO auth Attempting to decode token with SECRET_KEY: COR...
[2025-03-23 20:38:17,464] INFO auth Token decoded successfully with payload keys: ['id_documento', 'id_usuario', 'id_proceso', 'exp', 'purpose']
[2025-03-23 20:38:17,503] INFO auth JWTAuth.authenticate called with token: eyJhbGciOi...
[2025-03-23 20:38:17,503] INFO auth JWT_SECRET_KEY length: 86
[2025-03-23 20:38:17,503] INFO auth Headers: {'Content-Length': '2242', 'Content-Type': 'application/json', 'Host': 'localhost:8000', 'User-Agent': 'python-requests/2.31.0', 'Accept-Encoding': 'gzip, deflate', 'Accept': '*/*', 'Connection': 'keep-alive', 'Authorization': 'Bearer eyJhbGciOiJIUzI1NiIsInR5cCI6IkpXVCJ9.eyJpZF9kb2N1bWVudG8iOjMsImlkX3VzdWFyaW8iOjEsImlkX3Byb2Nlc28iOiJnZW5fM18xNzQyNzgwMjk0IiwiZXhwIjoxNzQyNzgyMDk0LCJwdXJwb3NlIjoiZG9jdW1lbnRfZ2VuZXJhdGlvbiJ9.0muLBDq-Tc18nxMsGNtgK2FDBMlhlI0cTU2CCyvW8Y8'}
[2025-03-23 20:38:17,503] INFO auth Attempting to decode token with SECRET_KEY: COR...
[2025-03-23 20:38:17,503] INFO auth Token decoded successfully with payload keys: ['id_documento', 'id_usuario', 'id_proceso', 'exp', 'purpose']
[2025-03-23 20:38:17,514] INFO ai Successfully initiated document generation for job gen_3_1742780294
